row_idx,frame_idx,source_gid,tracklet_id,assigned_final_gid
0,107,0,0,0
1,108,0,0,0
2,109,0,0,0
3,110,0,0,0
4,115,0,0,0
5,117,0,0,0
6,118,0,0,0
7,119,0,0,0
8,120,0,0,0
9,121,0,0,0
10,122,0,0,0
11,126,0,0,0
12,222,0,0,0
13,223,0,0,0
14,224,0,0,0
15,225,0,0,0
16,227,0,0,0
17,228,0,0,0
18,229,0,0,0
19,230,0,0,0
20,231,0,0,0
21,232,0,0,0
22,233,0,0,0
23,234,0,0,0
24,235,0,0,0
25,235,0,0,0
26,236,0,0,0
27,237,0,0,0
28,238,0,0,0
29,239,0,0,0
30,240,0,0,0
31,241,0,0,0
32,242,0,0,0
33,243,0,0,0
34,244,0,0,0
35,244,0,0,0
36,245,0,0,0
37,245,1,1,9
38,246,1,1,9
39,247,1,1,9
40,248,1,1,9
41,249,1,1,9
42,250,1,1,9
43,251,1,1,9
44,252,1,1,9
45,253,1,1,9
46,254,1,1,9
47,255,1,1,9
48,256,1,1,9
49,257,1,1,9
50,258,1,1,9
51,259,1,1,9
52,260,1,1,9
53,261,1,1,9
54,262,1,1,9
55,263,1,1,9
56,264,1,1,9
57,265,1,1,9
58,266,1,1,9
59,267,1,1,9
60,268,1,1,9
61,269,0,0,0
62,269,1,1,9
63,270,0,0,0
64,270,1,1,9
65,271,0,0,0
66,271,1,1,9
67,272,0,0,0
68,272,1,1,9
69,273,0,0,0
70,273,1,1,9
71,274,1,1,9
72,275,1,1,9
73,276,1,1,9
74,277,1,1,9
75,278,1,1,9
76,279,1,1,9
77,280,1,1,9
78,361,0,0,0
79,439,0,0,0
80,440,0,0,0
81,441,0,0,0
82,444,0,0,0
83,461,0,0,0
84,462,0,0,0
85,463,0,0,0
86,464,0,0,0
87,465,0,0,0
88,466,0,0,0
89,466,0,0,0
90,467,0,0,0
91,467,0,0,0
92,468,0,0,0
93,468,0,0,0
94,469,0,0,0
95,470,0,0,0
96,470,0,0,0
97,473,0,0,0
98,474,0,0,0
99,475,0,0,0
100,476,0,0,0
101,477,0,0,0
102,478,0,0,0
103,479,0,0,0
104,480,0,0,0
105,481,0,0,0
106,482,0,0,0
107,483,0,0,0
108,484,0,0,0
109,485,1,2,9
110,486,1,2,9
111,487,1,2,9
112,488,1,2,9
113,489,1,2,9
114,490,1,2,9
115,491,1,2,9
116,492,1,2,9
117,493,1,2,9
118,494,1,2,9
119,495,0,0,0
120,496,0,0,0
121,497,0,0,0
122,498,0,0,0
123,499,0,0,0
124,500,0,0,0
125,501,0,0,0
126,502,0,0,0
127,503,0,0,0
128,504,0,0,0
129,505,0,0,0
130,506,0,0,0
131,513,0,0,0
132,514,0,0,0
133,515,0,0,0
134,517,0,0,0
135,530,0,0,0
136,531,0,0,0
137,532,0,0,0
138,533,0,0,0
139,534,0,0,0
140,535,0,0,0
141,536,0,0,0
142,537,0,0,0
143,538,0,0,0
144,539,0,0,0
145,540,0,0,0
146,541,0,0,0
147,542,0,0,0
148,543,1,3,9
149,544,1,3,9
150,545,1,3,9
151,546,1,3,9
152,547,1,3,9
153,548,0,0,0
154,548,1,3,9
155,549,0,0,0
156,549,1,3,9
157,550,0,0,0
158,550,1,3,9
159,551,0,0,0
160,551,1,3,9
161,552,0,0,0
162,552,1,3,9
163,553,0,0,0
164,553,1,3,9
165,554,0,0,0
166,554,1,3,9
167,555,1,3,9
168,556,1,3,9
169,557,1,3,9
170,558,1,3,9
171,559,1,3,9
172,560,1,3,9
173,561,1,3,9
174,562,1,3,9
175,563,1,3,9
176,564,1,3,9
177,565,1,3,9
178,568,1,4,9
179,569,1,4,9
180,570,1,4,9
181,571,1,4,9
182,572,1,4,9
183,573,1,4,9
184,574,1,4,9
185,575,1,4,9
186,576,1,4,9
187,577,1,4,9
188,578,1,4,9
189,579,1,4,9
190,580,1,4,9
191,581,1,4,9
192,582,1,4,9
193,583,1,4,9
194,584,1,4,9
195,585,1,4,9
196,586,1,4,9
197,587,1,4,9
198,588,1,4,9
199,589,1,4,9
200,590,1,4,9
201,591,1,4,9
202,592,1,4,9
203,593,1,4,9
204,594,1,4,9
205,621,0,0,0
206,622,0,0,0
207,678,0,0,0
208,679,0,0,0
209,680,0,0,0
210,681,0,0,0
211,682,0,0,0
212,683,0,0,0
213,684,0,0,0
214,685,0,0,0
215,686,0,0,0
216,687,0,0,0
217,688,1,5,9
218,689,1,5,9
219,690,1,5,9
220,691,1,5,9
221,692,1,5,9
222,693,1,5,9
223,694,1,5,9
224,695,1,5,9
225,696,1,5,9
226,697,1,5,9
227,698,1,5,9
228,699,1,5,9
229,700,1,5,9
230,701,1,5,9
231,702,1,5,9
232,703,1,5,9
233,704,1,5,9
234,705,1,5,9
235,706,1,5,9
236,707,1,5,9
237,708,1,5,9
238,709,1,5,9
239,710,1,5,9
240,711,1,5,9
241,712,1,5,9
242,713,1,5,9
243,714,1,5,9
244,715,1,5,9
245,716,1,5,9
246,717,1,5,9
247,718,1,5,9
248,719,1,5,9
249,720,1,5,9
250,721,1,5,9
251,722,1,5,9
252,723,1,5,9
253,724,1,5,9
254,725,1,5,9
255,726,1,5,9
256,727,1,5,9
257,728,1,5,9
258,729,1,5,9
259,730,1,5,9
260,738,1,6,10
261,742,1,7,9
262,743,1,7,9
263,746,0,0,0
264,747,0,0,0
265,788,0,0,0
266,790,0,0,0
267,792,0,0,0
268,793,0,0,0
269,794,0,0,0
270,795,0,0,0
271,796,0,0,0
272,805,0,0,0
273,806,0,0,0
274,807,0,0,0
275,808,0,0,0
276,809,0,0,0
277,810,0,0,0
278,811,0,0,0
279,812,0,0,0
280,813,0,0,0
281,814,0,0,0
282,815,0,0,0
283,816,0,0,0
284,817,0,0,0
285,818,0,0,0
286,819,0,0,0
287,820,0,0,0
288,821,0,0,0
289,822,0,0,0
290,823,0,0,0
291,824,0,0,0
292,825,0,0,0
293,826,0,0,0
294,827,0,0,0
295,828,0,0,0
296,829,0,0,0
297,830,0,0,0
298,831,0,0,0
299,832,1,8,9
300,833,1,8,9
301,834,1,8,9
302,835,1,8,9
303,836,1,8,9
304,837,1,8,9
305,838,1,8,9
306,839,1,8,9
307,840,1,8,9
308,841,1,8,9
309,842,1,8,9
310,843,1,8,9
311,844,1,8,9
312,845,1,8,9
313,846,1,8,9
314,847,1,8,9
315,848,1,8,9
316,849,1,8,9
317,850,1,8,9
318,851,1,8,9
319,852,1,8,9
320,853,1,8,9
321,854,1,8,9
322,855,1,8,9
323,857,1,8,9
324,858,1,8,9
325,869,1,9,9
326,870,1,9,9
327,875,1,10,9
328,876,1,10,9
329,877,1,10,9
330,878,1,10,9
331,879,1,10,9
332,880,1,10,9
333,883,1,11,9
334,884,1,11,9
335,885,1,11,9
336,886,1,11,9
337,887,1,11,9
338,888,1,11,9
339,889,1,11,9
340,890,1,11,9
341,891,1,11,9
342,892,1,11,9
343,893,1,11,9
344,902,1,12,9
345,904,1,12,9
346,914,1,13,9
347,916,1,13,9
348,917,1,13,9
349,918,1,13,9
350,919,1,13,9
351,920,1,13,9
352,921,1,13,9
353,922,1,13,9
354,923,1,13,9
355,926,1,14,9
356,927,1,14,9
357,928,1,14,9
358,929,1,14,9
359,930,1,14,9
360,931,1,14,9
361,932,1,14,9
362,933,1,14,9
363,934,1,14,9
364,935,1,14,9
365,936,1,14,9
366,937,1,14,9
367,938,1,14,9
368,939,1,14,9
369,940,1,14,9
370,941,1,14,9
371,942,1,14,9
372,943,1,14,9
373,944,1,14,9
374,945,1,14,9
375,946,1,14,9
376,947,1,14,9
377,948,1,14,9
378,949,1,14,9
379,950,1,14,9
380,951,1,14,9
381,952,1,14,9
382,953,0,0,0
383,954,0,0,0
384,955,0,0,0
385,956,0,0,0
386,972,0,0,0
387,973,0,0,0
388,974,0,0,0
389,975,0,0,0
390,976,0,0,0
391,977,0,0,0
392,978,0,0,0
393,979,0,0,0
394,980,0,0,0
395,981,0,0,0
396,982,0,0,0
397,983,0,0,0
398,984,0,0,0
399,985,0,0,0
400,992,0,0,0
401,993,0,0,0
402,994,0,0,0
403,995,0,0,0
404,996,0,0,0
405,997,0,0,0
406,998,0,0,0
407,999,0,0,0
408,1000,0,0,0
409,1003,0,0,0
410,1006,0,0,0
411,1007,0,0,0
412,1008,0,0,0
413,1010,0,0,0
414,1011,0,0,0
415,1013,0,0,0
416,1095,0,0,0
417,1096,0,0,0
418,1097,0,0,0
419,1098,0,0,0
420,1099,0,0,0
421,1100,0,0,0
422,1101,0,0,0
423,1102,0,0,0
424,1103,0,0,0
425,1104,0,0,0
426,1108,0,0,0
427,1109,0,0,0
428,1115,0,0,0
429,1116,0,0,0
430,1138,0,0,0
431,1139,0,0,0
432,1140,0,0,0
433,1140,0,0,0
434,1141,0,0,0
435,1141,0,0,0
436,1142,0,0,0
437,1142,0,0,0
438,1143,0,0,0
439,1144,0,0,0
440,1145,0,0,0
441,1164,0,0,0
442,1165,0,0,0
443,1166,0,0,0
444,1167,0,0,0
445,1168,0,0,0
446,1169,0,0,0
447,1171,0,0,0
448,1175,0,0,0
449,1235,0,0,0
450,1236,0,0,0
451,1238,0,0,0
452,1239,0,0,0
453,1240,0,0,0
454,1241,0,0,0
455,1242,0,0,0
456,1251,0,0,0
457,1252,0,0,0
458,1253,0,0,0
459,1341,0,0,0
460,1342,0,0,0
461,1343,0,0,0
462,1347,0,0,0
463,1348,0,0,0
464,1349,0,0,0
465,1350,0,0,0
466,1354,0,0,0
467,1355,0,0,0
468,1356,0,0,0
469,1357,0,0,0
470,1358,0,0,0
471,1358,0,0,0
472,1359,0,0,0
473,1360,0,0,0
474,1361,0,0,0
475,1362,0,0,0
476,1363,0,0,0
477,1364,0,0,0
478,1365,0,0,0
479,1366,0,0,0
480,1367,0,0,0
481,1368,0,0,0
482,1369,0,0,0
483,1370,0,0,0
484,1371,0,0,0
485,1374,0,0,0
486,1375,0,0,0
487,1393,0,0,0
488,1483,0,0,0
489,1484,0,0,0
490,1488,0,0,0
491,1490,0,0,0
492,1492,0,0,0
493,1493,0,0,0
494,1494,0,0,0
495,1495,0,0,0
496,1496,0,0,0
497,1497,0,0,0
498,1498,6,15,11
499,1499,6,15,11
500,1500,6,15,11
501,1501,0,0,0
502,1502,0,0,0
503,1503,0,0,0
504,1504,0,0,0
505,1505,0,0,0
506,1506,0,0,0
507,1507,0,0,0
508,1508,0,0,0
509,1509,0,0,0
510,1510,0,0,0
511,1511,0,0,0
512,1512,0,0,0
513,1513,0,0,0
514,1514,0,0,0
515,1515,0,0,0
516,1516,0,0,0
517,1517,0,0,0
518,1518,0,0,0
519,1519,0,0,0
520,1520,0,0,0
521,1521,0,0,0
522,1522,0,0,0
523,1523,0,0,0
524,1524,0,0,0
525,1525,0,0,0
526,1526,0,0,0
527,1527,0,0,0
528,1528,0,0,0
529,1529,0,0,0
530,1530,0,0,0
531,1539,0,0,0
532,1542,0,0,0
533,1543,0,0,0
534,1544,0,0,0
535,1547,0,0,0
536,1548,0,0,0
537,1549,0,0,0
538,1550,0,0,0
539,1551,0,0,0
540,1552,0,0,0
541,1553,0,0,0
542,1554,0,0,0
543,1555,0,0,0
544,1556,0,0,0
545,1557,0,0,0
546,1558,0,0,0
547,1559,0,0,0
548,1560,0,0,0
549,1561,0,0,0
550,1562,0,0,0
551,1563,0,0,0
552,1564,0,0,0
553,1565,0,0,0
554,1566,0,0,0
555,1567,0,0,0
556,1568,0,0,0
557,1569,0,0,0
558,1570,0,0,0
559,1571,0,0,0
560,1572,0,0,0
561,1573,0,0,0
562,1574,0,0,0
563,1575,0,0,0
564,1576,0,0,0
565,1577,0,0,0
566,1578,0,0,0
567,1579,0,0,0
568,1580,0,0,0
569,1581,0,0,0
570,1582,0,0,0
571,1583,0,0,0
572,1584,0,0,0
573,1585,0,0,0
574,1586,0,0,0
575,1587,0,0,0
576,1588,0,0,0
577,1589,0,0,0
578,1590,0,0,0
579,1591,0,0,0
580,1592,0,0,0
581,1593,0,0,0
582,1594,0,0,0
583,1595,0,0,0
584,1596,0,0,0
585,1597,0,0,0
586,1598,0,0,0
587,1599,0,0,0
588,1600,0,0,0
589,1601,0,0,0
590,1602,0,0,0
591,1603,0,0,0
592,1604,0,0,0
593,1605,0,0,0
594,1606,0,0,0
595,1607,0,0,0
596,1608,0,0,0
597,1609,0,0,0
598,1610,0,0,0
599,1611,0,0,0
600,1612,0,0,0
601,1613,0,0,0
602,1614,0,0,0
603,1615,0,0,0
604,1616,0,0,0
605,1617,0,0,0
606,1618,0,0,0
607,1619,0,0,0
608,1640,0,0,0
609,1641,0,0,0
610,1642,0,0,0
611,1643,0,0,0
612,1644,0,0,0
613,1645,0,0,0
614,1646,0,0,0
615,1647,0,0,0
616,1648,0,0,0
617,1652,0,0,0
618,1764,0,0,0
619,1765,0,0,0
620,1768,0,0,0
621,1769,0,0,0
622,1770,0,0,0
623,1775,0,0,0
624,1776,0,0,0
625,1777,0,0,0
626,1778,0,0,0
627,1779,0,0,0
628,1780,0,0,0
629,1781,0,0,0
630,1782,0,0,0
631,1783,0,0,0
632,1785,0,0,0
633,1786,0,0,0
634,1976,0,0,0
635,1977,0,0,0
636,1978,0,0,0
637,1979,0,0,0
638,1980,0,0,0
639,1981,0,0,0
640,1982,0,0,0
641,1983,0,0,0
642,1984,0,0,0
643,1985,0,0,0
644,1986,0,0,0
645,1987,0,0,0
646,2002,0,0,0
647,2003,0,0,0
648,2004,0,0,0
649,2005,0,0,0
650,2005,0,0,0
651,2006,0,0,0
652,2007,0,0,0
653,2008,0,0,0
654,2009,0,0,0
655,2010,0,0,0
656,2011,0,0,0
657,2012,0,0,0
658,2013,0,0,0
659,2014,0,0,0
660,2026,0,0,0
661,2027,0,0,0
662,2029,0,0,0
663,2030,0,0,0
664,2053,0,0,0
665,2203,0,0,0
666,2204,0,0,0
667,2206,0,0,0
668,2207,0,0,0
669,2210,0,0,0
670,2261,0,0,0
671,2262,0,0,0
672,2263,0,0,0
673,2264,0,0,0
674,2265,0,0,0
675,2266,0,0,0
676,2267,0,0,0
677,2268,0,0,0
678,2269,0,0,0
679,2270,0,0,0
680,2271,7,16,12
681,2272,7,16,12
682,2273,7,16,12
683,2274,7,16,12
684,2275,7,16,12
685,2276,7,16,12
686,2277,7,16,12
687,2278,7,16,12
688,2279,7,16,12
689,2280,7,16,12
690,2281,7,16,12
691,2282,7,16,12
692,2283,7,16,12
693,2284,7,16,12
694,2285,7,16,12
695,2286,7,16,12
696,2287,7,16,12
697,2288,7,16,12
698,2289,7,16,12
699,2290,7,16,12
700,2291,7,16,12
701,2292,7,16,12
702,2293,7,16,12
703,2294,7,16,12
704,2295,7,16,12
705,2296,7,16,12
706,2297,7,16,12
707,2298,7,16,12
708,2299,7,16,12
709,2300,7,16,12
710,2301,7,16,12
711,2302,7,16,12
712,2303,7,16,12
713,2304,7,16,12
714,2305,7,16,12
715,2306,7,16,12
716,2307,7,16,12
717,2308,7,16,12
718,2309,7,16,12
719,2310,7,16,12
720,2311,7,16,12
721,2312,7,16,12
722,2313,7,16,12
723,2314,7,16,12
724,2315,7,16,12
725,2316,7,16,12
726,2317,7,16,12
727,2318,7,16,12
728,2319,7,16,12
729,2320,7,16,12
730,2321,7,16,12
731,2322,7,16,12
732,2323,7,16,12
733,2324,7,16,12
734,2325,7,16,12
735,2346,7,17,12
736,2348,7,17,12
737,2349,7,17,12
738,2351,7,17,12
739,2353,7,17,12
740,2354,7,17,12
741,2356,7,17,12
742,2377,0,0,0
743,2436,0,0,0
744,2437,0,0,0
745,2438,0,0,0
746,2445,0,0,0
747,2447,0,0,0
748,2448,0,0,0
749,2449,0,0,0
750,2450,0,0,0
751,2451,0,0,0
752,2452,0,0,0
753,2453,0,0,0
754,2454,0,0,0
755,2455,0,0,0
756,2456,0,0,0
757,2457,8,40,13
758,2458,8,40,13
759,2459,8,40,13
760,2460,8,40,13
761,2461,8,40,13
762,2462,8,40,13
763,2463,8,40,13
764,2464,8,40,13
765,2465,8,40,13
766,2466,8,40,13
767,2467,8,40,13
768,2468,8,40,13
769,2469,8,40,13
770,2470,8,40,13
771,2471,8,40,13
772,2472,8,40,13
773,2473,8,40,13
774,2474,8,40,13
775,2475,8,40,13
776,2476,8,40,13
777,2477,8,40,13
778,2478,8,40,13
779,2479,8,40,13
780,2480,8,40,13
781,2481,8,40,13
782,2482,8,40,13
783,2483,8,40,13
784,2484,8,40,13
785,2485,8,40,13
786,2486,8,40,13
787,2487,8,40,13
788,2494,8,41,13
789,2495,8,41,13
790,2609,0,0,0
791,2610,0,0,0
792,2611,0,0,0
793,2612,0,0,0
794,2613,0,0,0
795,2614,0,0,0
796,2615,0,0,0
797,2616,0,0,0
798,2617,0,0,0
799,2618,0,0,0
800,2622,0,0,0
801,2623,0,0,0
802,2624,0,0,0
803,2625,0,0,0
804,2626,0,0,0
805,2627,0,0,0
806,2628,0,0,0
807,2629,0,0,0
808,2630,0,0,0
809,2631,0,0,0
810,2632,0,0,0
811,2633,0,0,0
812,2634,0,0,0
813,2635,0,0,0
814,2637,0,0,0
815,2638,0,0,0
816,2639,0,0,0
817,2640,0,0,0
818,2641,0,0,0
819,2642,0,0,0
820,2643,0,0,0
821,2644,0,0,0
822,2645,0,0,0
823,2646,7,18,12
824,2647,7,18,12
825,2648,7,18,12
826,2649,7,18,12
827,2650,7,18,12
828,2651,7,18,12
829,2652,7,18,12
830,2653,7,18,12
831,2664,7,19,12
832,2677,0,0,0
833,2678,0,0,0
834,2679,0,0,0
835,2689,0,0,0
836,2690,0,0,0
837,2691,0,0,0
838,2693,0,0,0
839,2694,0,0,0
840,2705,0,0,0
841,2706,0,0,0
842,2707,0,0,0
843,2708,0,0,0
844,2709,0,0,0
845,2710,0,0,0
846,2711,0,0,0
847,2712,7,20,12
848,2713,7,20,12
849,2714,7,20,12
850,2715,7,20,12
851,2716,7,20,12
852,2717,7,20,12
853,2718,7,20,12
854,2719,7,20,12
855,2720,7,20,12
856,2721,7,20,12
857,2722,7,20,12
858,2723,7,20,12
859,2724,7,20,12
860,2725,7,20,12
861,2726,7,20,12
862,2727,7,20,12
863,2728,7,20,12
864,2729,7,20,12
865,2730,7,20,12
866,2731,7,20,12
867,2732,7,20,12
868,2733,7,20,12
869,2734,7,20,12
870,2735,7,20,12
871,2736,7,20,12
872,2737,7,20,12
873,2738,7,20,12
874,2739,7,20,12
875,2740,7,20,12
876,2741,7,20,12
877,2742,7,20,12
878,2743,7,20,12
879,2744,7,20,12
880,2745,7,20,12
881,2746,7,20,12
882,2747,7,20,12
883,2748,7,20,12
884,2749,7,20,12
885,2750,7,20,12
886,2751,7,20,12
887,2752,7,20,12
888,2753,7,20,12
889,2754,7,20,12
890,2755,7,20,12
891,2756,7,20,12
892,2757,7,20,12
893,2758,7,20,12
894,2759,7,20,12
895,2760,7,20,12
896,2761,7,20,12
897,2762,7,20,12
898,2763,7,20,12
899,2764,7,20,12
900,2765,7,20,12
901,2766,7,20,12
902,2767,7,20,12
903,2768,7,20,12
904,2769,7,20,12
905,2770,7,20,12
906,2771,7,20,12
907,2772,7,20,12
908,2773,7,20,12
909,2774,7,20,12
910,2775,7,20,12
911,2776,7,20,12
912,2777,7,20,12
913,2778,7,20,12
914,2779,7,20,12
915,2780,7,20,12
916,2781,7,20,12
917,2782,7,20,12
918,2783,7,20,12
919,2784,7,20,12
920,2785,7,20,12
921,2786,7,20,12
922,2787,7,20,12
923,2788,7,20,12
924,2789,7,20,12
925,2790,7,20,12
926,2791,7,20,12
927,2792,7,20,12
928,2793,7,20,12
929,2794,7,20,12
930,2795,7,20,12
931,2796,7,20,12
932,2797,7,20,12
933,2798,7,20,12
934,2799,7,20,12
935,2800,7,20,12
936,2801,7,20,12
937,2802,7,20,12
938,2803,7,20,12
939,2804,7,20,12
940,2805,7,20,12
941,2806,7,20,12
942,2807,7,20,12
943,2808,7,20,12
944,2809,7,20,12
945,2810,7,20,12
946,2811,7,20,12
947,2812,7,20,12
948,2813,7,20,12
949,2814,7,20,12
950,2815,7,20,12
951,2816,7,20,12
952,2817,7,20,12
953,2818,7,20,12
954,2819,7,20,12
955,2820,7,20,12
956,2821,7,20,12
957,2822,7,20,12
958,2823,7,20,12
959,2824,7,20,12
960,2825,7,20,12
961,2826,7,20,12
962,2827,7,20,12
963,2828,7,20,12
964,2829,7,20,12
965,2830,7,20,12
966,2842,0,0,0
967,2849,0,0,0
968,2850,0,0,0
969,2851,0,0,0
970,2852,0,0,0
971,2853,0,0,0
972,2854,0,0,0
973,2855,0,0,0
974,2856,0,0,0
975,2857,0,0,0
976,2858,0,0,0
977,2859,0,0,0
978,2860,0,0,0
979,2861,7,21,12
980,2862,7,21,12
981,2863,7,21,12
982,2864,7,21,12
983,2865,7,21,12
984,2866,7,21,12
985,2867,7,21,12
986,2893,7,22,14
987,2933,0,0,0
988,2940,0,0,0
989,2941,0,0,0
990,2942,0,0,0
991,2943,0,0,0
992,2944,0,0,0
993,2945,0,0,0
994,2946,0,0,0
995,2949,0,0,0
996,2950,0,0,0
997,2955,0,0,0
998,2956,0,0,0
999,2957,0,0,0
1000,2958,0,0,0
1001,2959,0,0,0
1002,2960,0,0,0
1003,2961,0,0,0
1004,2962,0,0,0
1005,2963,0,0,0
1006,2964,0,0,0
1007,2966,0,0,0
1008,2967,0,0,0
1009,2968,0,0,0
1010,2969,0,0,0
1011,2970,0,0,0
1012,2971,0,0,0
1013,2972,0,0,0
1014,2973,0,0,0
1015,2974,7,23,12
1016,2975,7,23,12
1017,2976,7,23,12
1018,2977,7,23,12
1019,2978,7,23,12
1020,2979,7,23,12
1021,2980,7,23,12
1022,2981,7,23,12
1023,2982,7,23,12
1024,2983,7,23,12
1025,2984,7,23,12
1026,2985,7,23,12
1027,2986,7,23,12
1028,2987,7,23,12
1029,2988,7,23,12
1030,2989,7,23,12
1031,2990,0,0,0
1032,2990,7,23,12
1033,2991,7,23,12
1034,2992,7,23,12
1035,2993,0,0,0
1036,2993,7,23,12
1037,2994,0,0,0
1038,2994,7,23,12
1039,2995,0,0,0
1040,2995,7,23,12
1041,2996,0,0,0
1042,2996,7,23,12
1043,2997,0,0,0
1044,2997,7,23,12
1045,2998,0,0,0
1046,2998,7,23,12
1047,2999,0,0,0
1048,2999,7,23,12
1049,3000,7,23,12
1050,3001,7,23,12
1051,3002,7,23,12
1052,3003,7,23,12
1053,3004,7,23,12
1054,3005,7,23,12
1055,3006,7,23,12
1056,3007,7,23,12
1057,3008,7,23,12
1058,3009,7,23,12
1059,3010,7,23,12
1060,3011,7,23,12
1061,3012,7,23,12
1062,3013,7,23,12
1063,3014,7,23,12
1064,3015,7,23,12
1065,3016,7,23,12
1066,3017,7,23,12
1067,3018,7,23,12
1068,3019,7,23,12
1069,3020,7,23,12
1070,3021,7,23,12
1071,3022,7,23,12
1072,3023,7,23,12
1073,3024,7,23,12
1074,3025,7,23,12
1075,3026,7,23,12
1076,3027,7,23,12
1077,3028,7,23,12
1078,3029,0,0,0
1079,3029,7,23,12
1080,3030,0,0,0
1081,3030,7,23,12
1082,3031,7,23,12
1083,3032,7,23,12
1084,3033,7,23,12
1085,3034,0,0,0
1086,3034,7,23,12
1087,3035,7,23,12
1088,3036,7,23,12
1089,3037,7,23,12
1090,3038,7,23,12
1091,3039,7,23,12
1092,3040,7,23,12
1093,3041,7,23,12
1094,3042,7,23,12
1095,3043,7,23,12
1096,3044,7,23,12
1097,3045,7,23,12
1098,3046,7,23,12
1099,3047,7,23,12
1100,3049,7,23,12
1101,3050,7,23,12
1102,3051,7,23,12
1103,3058,7,24,12
1104,3059,7,24,12
1105,3060,7,24,12
1106,3061,7,24,12
1107,3062,7,24,12
1108,3063,7,24,12
1109,3070,7,25,12
1110,3074,7,26,12
1111,3075,7,26,12
1112,3077,7,26,12
1113,3099,7,27,12
1114,3100,7,27,12
1115,3101,7,27,12
1116,3102,7,27,12
1117,3103,7,27,12
1118,3104,7,27,12
1119,3105,7,27,12
1120,3106,7,27,12
1121,3107,7,27,12
1122,3108,7,27,12
1123,3109,7,27,12
1124,3110,7,27,12
1125,3111,7,27,12
1126,3112,7,27,12
1127,3113,7,27,12
1128,3114,0,0,0
1129,3114,7,27,12
1130,3115,0,0,0
1131,3115,7,27,12
1132,3116,0,0,0
1133,3116,7,27,12
1134,3117,0,0,0
1135,3117,7,27,12
1136,3118,0,0,0
1137,3118,7,27,12
1138,3119,0,0,0
1139,3119,7,27,12
1140,3120,7,27,12
1141,3121,7,27,12
1142,3122,7,27,12
1143,3123,7,27,12
1144,3124,7,27,12
1145,3125,7,27,12
1146,3126,7,27,12
1147,3127,7,27,12
1148,3128,7,27,12
1149,3137,0,0,0
1150,3138,0,0,0
1151,3139,0,0,0
1152,3140,0,0,0
1153,3141,0,0,0
1154,3154,0,0,0
1155,3157,0,0,0
1156,3158,0,0,0
1157,3159,0,0,0
1158,3160,0,0,0
1159,3161,0,0,0
1160,3162,0,0,0
1161,3163,0,0,0
1162,3164,0,0,0
1163,3165,0,0,0
1164,3166,0,0,0
1165,3167,0,0,0
1166,3169,0,0,0
1167,3170,0,0,0
1168,3171,0,0,0
1169,3172,0,0,0
1170,3173,0,0,0
1171,3178,0,0,0
1172,3179,0,0,0
1173,3180,0,0,0
1174,3181,0,0,0
1175,3182,7,28,12
1176,3183,7,28,12
1177,3184,7,28,12
1178,3188,7,29,12
1179,3189,7,29,12
1180,3190,7,29,12
1181,3191,7,29,12
1182,3192,7,29,12
1183,3193,7,29,12
1184,3194,7,29,12
1185,3196,7,29,12
1186,3197,7,29,12
1187,3198,7,29,12
1188,3199,7,29,12
1189,3200,7,29,12
1190,3201,7,29,12
1191,3202,7,29,12
1192,3203,7,29,12
1193,3205,7,29,12
1194,3207,7,29,12
1195,3211,7,30,12
1196,3212,7,30,12
1197,3213,7,30,12
1198,3214,7,30,12
1199,3215,7,30,12
1200,3216,7,30,12
1201,3217,7,30,12
1202,3218,7,30,12
1203,3219,7,30,12
1204,3220,7,30,12
1205,3221,7,30,12
1206,3222,7,30,12
1207,3223,7,30,12
1208,3224,7,30,12
1209,3225,7,30,12
1210,3226,7,30,12
1211,3227,7,30,12
1212,3228,7,30,12
1213,3229,7,30,12
1214,3230,7,30,12
1215,3231,7,30,12
1216,3232,7,30,12
1217,3233,7,30,12
1218,3234,7,30,12
1219,3235,7,30,12
1220,3236,7,30,12
1221,3237,7,30,12
1222,3238,7,30,12
1223,3239,7,30,12
1224,3240,7,30,12
1225,3241,7,30,12
1226,3242,7,30,12
1227,3243,7,30,12
1228,3244,7,30,12
1229,3245,7,30,12
1230,3246,7,30,12
1231,3247,7,30,12
1232,3248,7,30,12
1233,3249,7,30,12
1234,3250,0,0,0
1235,3251,0,0,0
1236,3252,0,0,0
1237,3264,0,0,0
1238,3267,0,0,0
1239,3268,0,0,0
1240,3270,0,0,0
1241,3271,0,0,0
1242,3272,0,0,0
1243,3273,0,0,0
1244,3274,0,0,0
1245,3275,0,0,0
1246,3276,0,0,0
1247,3277,0,0,0
1248,3278,0,0,0
1249,3279,0,0,0
1250,3280,7,31,12
1251,3281,7,31,12
1252,3282,7,31,12
1253,3283,7,31,12
1254,3284,7,31,12
1255,3285,7,31,12
1256,3286,7,31,12
1257,3287,7,31,12
1258,3288,7,31,12
1259,3289,7,31,12
1260,3290,7,31,12
1261,3291,7,31,12
1262,3292,7,31,12
1263,3293,7,31,12
1264,3294,7,31,12
1265,3295,7,31,12
1266,3296,7,31,12
1267,3297,7,31,12
1268,3298,7,31,12
1269,3299,7,31,12
1270,3306,7,32,12
1271,3307,7,32,12
1272,3308,7,32,12
1273,3309,7,32,12
1274,3310,7,32,12
1275,3311,7,32,12
1276,3312,7,32,12
1277,3313,7,32,12
1278,3314,7,32,12
1279,3315,7,32,12
1280,3316,7,32,12
1281,3317,7,32,12
1282,3318,7,32,12
1283,3319,7,32,12
1284,3320,7,32,12
1285,3321,7,32,12
1286,3322,7,32,12
1287,3323,7,32,12
1288,3324,7,32,12
1289,3325,7,32,12
1290,3326,7,32,12
1291,3327,7,32,12
1292,3328,7,32,12
1293,3329,7,32,12
1294,3330,7,32,12
1295,3331,7,32,12
1296,3332,7,32,12
1297,3333,7,32,12
1298,3334,7,32,12
1299,3335,7,32,12
1300,3336,7,32,12
1301,3337,7,32,12
1302,3338,7,32,12
1303,3339,7,32,12
1304,3340,7,32,12
1305,3341,7,32,12
1306,3342,7,32,12
1307,3343,7,32,12
1308,3344,7,32,12
1309,3345,7,32,12
1310,3346,7,32,12
1311,3347,7,32,12
1312,3348,7,32,12
1313,3349,7,32,12
1314,3350,7,32,12
1315,3352,7,32,12
1316,3355,7,33,12
1317,3360,7,34,12
1318,3361,7,34,12
1319,3362,7,34,12
1320,3363,7,34,12
1321,3364,7,34,12
1322,3365,7,34,12
1323,3368,7,35,12
1324,3369,7,35,12
1325,3370,7,35,12
1326,3371,7,35,12
1327,3372,7,35,12
1328,3373,7,35,12
1329,3379,7,36,12
1330,3380,7,36,12
1331,3383,7,37,12
1332,3384,7,37,12
1333,3385,7,37,12
1334,3386,7,37,12
1335,3387,7,37,12
1336,3404,0,0,0
1337,3406,0,0,0
1338,3407,0,0,0
1339,3408,0,0,0
1340,3409,0,0,0
1341,3424,0,0,0
1342,3425,0,0,0
1343,3426,0,0,0
1344,3427,0,0,0
1345,3428,0,0,0
1346,3429,0,0,0
1347,3430,0,0,0
1348,3431,0,0,0
1349,3432,0,0,0
1350,3433,0,0,0
1351,3434,7,38,12
1352,3435,7,38,12
1353,3436,7,38,12
1354,3437,7,38,12
1355,3438,7,38,12
1356,3439,7,38,12
1357,3440,7,38,12
1358,3441,7,38,12
1359,3442,7,38,12
1360,3443,7,38,12
1361,3445,7,38,12
1362,3446,7,38,12
1363,3447,7,38,12
1364,3448,7,38,12
1365,3449,7,38,12
1366,3450,7,38,12
1367,3451,7,38,12
1368,3452,7,38,12
1369,3453,7,38,12
1370,3454,7,38,12
1371,3455,7,38,12
1372,3456,7,38,12
1373,3457,7,38,12
1374,3458,7,38,12
1375,3459,7,38,12
1376,3460,7,38,12
1377,3461,7,38,12
1378,3462,7,38,12
1379,3463,7,38,12
1380,3464,7,38,12
1381,3465,7,38,12
1382,3466,7,38,12
1383,3467,7,38,12
1384,3468,7,38,12
1385,3469,7,38,12
1386,3470,7,38,12
1387,3471,7,38,12
1388,3472,7,38,12
1389,3473,7,38,12
1390,3474,7,38,12
1391,3475,7,38,12
1392,3476,7,38,12
1393,3477,7,38,12
1394,3478,7,38,12
1395,3479,7,38,12
1396,3480,7,38,12
1397,3481,7,38,12
1398,3482,7,38,12
1399,3483,7,38,12
1400,3484,7,38,12
1401,3485,7,38,12
1402,3486,7,38,12
1403,3487,7,38,12
1404,3488,7,38,12
1405,3489,7,38,12
1406,3490,7,38,12
1407,3491,7,38,12
1408,3492,7,38,12
1409,3493,7,38,12
1410,3494,7,38,12
1411,3495,7,38,12
1412,3496,7,38,12
1413,3497,7,38,12
1414,3498,7,38,12
1415,3499,7,38,12
1416,3500,7,38,12
1417,3501,7,38,12
1418,3502,7,38,12
1419,3503,7,38,12
1420,3504,7,38,12
1421,3505,7,38,12
1422,3506,7,38,12
1423,3507,7,38,12
1424,3508,7,38,12
1425,3509,7,38,12
1426,3510,7,38,12
1427,3511,7,38,12
1428,3512,7,38,12
1429,3513,7,38,12
1430,3514,7,38,12
1431,3515,7,38,12
1432,3516,7,38,12
1433,3517,7,38,12
1434,3518,7,38,12
1435,3519,7,38,12
1436,3520,7,38,12
1437,3521,7,38,12
1438,3522,7,38,12
1439,3523,7,38,12
1440,3524,7,38,12
1441,3525,7,38,12
1442,3526,7,38,12
1443,3527,7,38,12
1444,3528,7,38,12
1445,3529,7,38,12
1446,3530,7,38,12
1447,3531,7,38,12
1448,3532,7,38,12
1449,3533,7,38,12
1450,3534,7,38,12
1451,3535,7,38,12
1452,3536,7,38,12
1453,3537,7,38,12
1454,3538,7,38,12
1455,3539,7,38,12
1456,3540,7,38,12
1457,3541,7,38,12
1458,3542,7,38,12
1459,3543,7,38,12
1460,3544,7,38,12
1461,3545,7,38,12
1462,3546,7,38,12
1463,3547,7,38,12
1464,3548,7,38,12
1465,3549,7,38,12
1466,3550,7,38,12
1467,3551,7,38,12
1468,3552,7,38,12
1469,3553,7,38,12
1470,3554,7,38,12
1471,3555,7,38,12
1472,3556,7,38,12
1473,3557,7,38,12
1474,3558,7,38,12
1475,3559,7,38,12
1476,3560,7,38,12
1477,3561,7,38,12
1478,3562,7,38,12
1479,3563,7,38,12
1480,3564,7,38,12
1481,3565,7,38,12
1482,3566,7,38,12
1483,3567,7,38,12
1484,3568,7,38,12
1485,3569,7,38,12
1486,3570,7,38,12
1487,3571,7,38,12
1488,3572,7,38,12
1489,3573,7,38,12
1490,3574,7,38,12
1491,3575,7,38,12
1492,3576,7,38,12
1493,3577,7,38,12
1494,3578,7,38,12
1495,3579,7,38,12
1496,3580,7,38,12
1497,3581,7,38,12
1498,3582,7,38,12
1499,3583,7,38,12
1500,3584,7,38,12
1501,3585,7,38,12
1502,3586,7,38,12
1503,3587,7,38,12
1504,3588,7,38,12
1505,3589,7,38,12
1506,3590,7,38,12
1507,3598,0,0,0
1508,3599,0,0,0
1509,3615,0,0,0
1510,3616,0,0,0
1511,3617,0,0,0
1512,3618,0,0,0
1513,3619,0,0,0
1514,3620,0,0,0
1515,3621,0,0,0
1516,3622,0,0,0
1517,3623,0,0,0
1518,3624,0,0,0
1519,3625,7,39,12
1520,3626,7,39,12
1521,3627,7,39,12
1522,3628,7,39,12
1523,3629,7,39,12
1524,3630,7,39,12
1525,3631,7,39,12
1526,3632,7,39,12
1527,3633,7,39,12
1528,3634,7,39,12
1529,3635,7,39,12
1530,3636,7,39,12
1531,3637,7,39,12
1532,3638,7,39,12
1533,3639,7,39,12
1534,3640,0,0,0
1535,3640,0,0,0
1536,3641,0,0,0
1537,3641,0,0,0
1538,3642,0,0,0
1539,3642,0,0,0
1540,3643,0,0,0
1541,3643,0,0,0
1542,3644,0,0,0
1543,3644,0,0,0
1544,3645,0,0,0
1545,3645,0,0,0
1546,3646,0,0,0
1547,3646,0,0,0
1548,3647,0,0,0
1549,3647,0,0,0
1550,3648,0,0,0
1551,3648,0,0,0
1552,3649,0,0,0
1553,3649,0,0,0
1554,3650,0,0,0
1555,3651,0,0,0
1556,3652,0,0,0
1557,3653,0,0,0
