audit_row_id,video_name,frame_idx,ts_sec,pred_global_id,x1,y1,x2,y2,box_area_ratio,gt_person_id,gt_identity_name,audit_action,merge_into_gt_person_id,occluded,overlap_group,note,reviewer
1.0,CAM1.mp4,13.0,1.0833329999999999,1.0,420.11,224.33,646.47,859.57,0.028893,1.0,,Keep,,,,,
2.0,CAM1.mp4,13.0,1.0833329999999999,2.0,1468.6100000000001,412.93,1663.94,869.99,0.017939999999999998,2.0,,Keep,,,,,
3.0,CAM1.mp4,13.0,1.0833329999999999,3.0,672.8100000000001,447.03000000000003,1049.33,978.6800000000001,0.040222999999999995,3.0,,Keep,,,,,
4.0,CAM1.mp4,15.0,1.25,4.0,1893.07,396.01,2114.5,831.6800000000001,0.019385,4.0,,Keep,,,,,
5.0,CAM1.mp4,17.0,1.416667,5.0,1714.31,410.27,1992.19,955.77,0.030459,5.0,,Keep,,,,,
6.0,CAM1.mp4,24.0,2.0,1.0,435.04,223.99,627.92,847.5600000000001,0.024169,1.0,,Keep,,,,,
7.0,CAM1.mp4,24.0,2.0,2.0,1454.63,405.81,1661.94,852.39,0.018604,2.0,,Keep,,,,,
8.0,CAM1.mp4,24.0,2.0,3.0,672.52,445.29,1049.93,839.75,0.029914999999999997,3.0,,Keep,,,,,
9.0,CAM1.mp4,24.0,2.0,5.0,1754.69,409.99,2014.18,925.34,0.026871,5.0,,Keep,,,,,
10.0,CAM1.mp4,26.0,2.166667,6.0,1583.8400000000001,473.97,1856.52,985.5,0.028027,6.0,,Keep,,,,,
11.0,CAM1.mp4,29.0,2.416667,7.0,1665.98,1068.0,2021.65,1406.89,0.02422,7.0,,Keep,,,,,
12.0,CAM1.mp4,36.0,3.0,1.0,426.28000000000003,234.4,627.44,847.5600000000001,0.024784,1.0,,Keep,,,,,
13.0,CAM1.mp4,36.0,3.0,2.0,1418.55,386.26,1637.67,852.11,0.02051,2.0,,Keep,,,,,
14.0,CAM1.mp4,36.0,3.0,3.0,676.65,447.65000000000003,999.78,827.2,0.024644,3.0,,Keep,,,,,
15.0,CAM1.mp4,36.0,3.0,6.0,1803.63,659.9,2100.88,1104.92,0.026581,6.0,,Keep,,,,,
16.0,CAM1.mp4,36.0,3.0,7.0,1700.1200000000001,1060.47,2028.69,1409.9,0.02307,7.0,,Keep,,,,,
17.0,CAM1.mp4,48.0,4.0,1.0,423.43,221.84,624.44,848.0500000000001,0.025293,1.0,,Keep,,,,,
18.0,CAM1.mp4,48.0,4.0,2.0,1421.09,376.88,1650.6200000000001,853.61,0.021988,2.0,,Keep,,,,,
19.0,CAM1.mp4,48.0,4.0,3.0,680.16,446.53000000000003,1042.01,996.23,0.039969,3.0,,Keep,,,,,
20.0,CAM1.mp4,48.0,4.0,6.0,2014.8,1004.64,2379.54,1480.8500000000001,0.034901999999999996,6.0,,Keep,,,,,
21.0,CAM1.mp4,48.0,4.0,7.0,1700.54,1067.05,2027.0800000000002,1408.71,0.022418,7.0,,Keep,,,,,
22.0,CAM1.mp4,60.0,5.0,1.0,416.84000000000003,203.47,599.33,825.4,0.022806,1.0,,Keep,,,,,
23.0,CAM1.mp4,60.0,5.0,2.0,1464.52,386.51,1676.3600000000001,856.52,0.020007,2.0,,Keep,,,,,
24.0,CAM1.mp4,60.0,5.0,3.0,676.51,445.97,1050.26,995.35,0.041259,3.0,,Keep,,,,,
25.0,CAM1.mp4,60.0,5.0,6.0,1913.58,1255.02,2291.25,1650.5900000000001,0.030018999999999997,6.0,,Keep,,,,,
26.0,CAM1.mp4,72.0,6.0,1.0,433.69,215.56,605.94,821.9,0.020987,1.0,,Keep,,,,,
27.0,CAM1.mp4,72.0,6.0,2.0,1489.91,414.61,1715.7,890.0500000000001,0.021571,2.0,,Keep,,,,,
28.0,CAM1.mp4,72.0,6.0,3.0,668.9,448.5,1045.5,822.16,0.028276,3.0,,Keep,,,,,
29.0,CAM1.mp4,72.0,6.0,6.0,1947.03,1230.17,2303.41,1625.92,0.028339,6.0,,Keep,,,,,
30.0,CAM1.mp4,84.0,7.0,1.0,392.51,186.47,622.9300000000001,747.38,0.025970999999999998,1.0,,Keep,,,,,
31.0,CAM1.mp4,84.0,7.0,2.0,1458.16,416.61,1711.42,887.6800000000001,0.023972999999999998,2.0,,Keep,,,,,
32.0,CAM1.mp4,84.0,7.0,3.0,653.13,456.63,1047.91,832.0500000000001,0.029781,3.0,,Keep,,,,,
33.0,CAM1.mp4,84.0,7.0,7.0,1676.82,1069.68,2019.63,1407.77,0.023289,7.0,,Keep,,,,,
34.0,CAM1.mp4,96.0,8.0,1.0,423.71000000000004,148.91,597.39,594.8000000000001,0.015560999999999998,1.0,,Keep,,,,,
35.0,CAM1.mp4,96.0,8.0,2.0,1454.56,414.65000000000003,1716.3400000000001,882.25,0.024596,2.0,,Keep,,,,,
36.0,CAM1.mp4,96.0,8.0,3.0,652.84,457.17,1049.72,830.46,0.029769,3.0,,Keep,,,,,
37.0,CAM1.mp4,96.0,8.0,6.0,1790.23,632.9300000000001,2115.87,1100.34,0.030584,6.0,,Keep,,,,,
38.0,CAM1.mp4,96.0,8.0,7.0,1669.2,1067.29,2020.55,1407.34,0.024007,7.0,,Keep,,,,,
39.0,CAM1.mp4,108.0,9.0,2.0,1418.06,381.39,1654.0,854.4200000000001,0.022427,2.0,,Keep,,,,,
40.0,CAM1.mp4,108.0,9.0,3.0,653.1800000000001,457.1,1049.7,818.94,0.028829999999999998,3.0,,Keep,,,,,
41.0,CAM1.mp4,108.0,9.0,6.0,1720.18,456.88,1971.3600000000001,1015.44,0.028190999999999997,6.0,,Keep,,,,,
42.0,CAM1.mp4,108.0,9.0,7.0,1665.23,1065.8,2018.2,1407.55,0.024239,7.0,,Keep,,,,,
43.0,CAM1.mp4,120.0,10.0,2.0,1449.45,384.02,1673.19,859.53,0.021377999999999998,2.0,,Keep,,,,,
44.0,CAM1.mp4,120.0,10.0,3.0,649.6800000000001,455.84000000000003,1052.71,824.99,0.029894999999999998,3.0,,Keep,,,,,
45.0,CAM1.mp4,120.0,10.0,6.0,1873.8500000000001,430.62,2097.04,827.75,0.01781,6.0,,Keep,,,,,
46.0,CAM1.mp4,120.0,10.0,7.0,1708.96,1072.22,2018.3,1406.51,0.020779,7.0,,Keep,,,,,
47.0,CAM1.mp4,132.0,11.0,2.0,1440.43,373.56,1670.4,860.33,0.022494,2.0,,Keep,,,,,
48.0,CAM1.mp4,132.0,11.0,3.0,650.17,458.22,1048.19,824.13,0.029264,3.0,,Keep,,,,,
49.0,CAM1.mp4,144.0,12.0,2.0,1433.58,368.32,1661.33,864.37,0.022701,2.0,,Keep,,,,,
50.0,CAM1.mp4,144.0,12.0,3.0,699.09,406.56,951.77,808.15,0.02039,3.0,,Keep,,,,,
51.0,CAM1.mp4,156.0,13.0,2.0,1432.53,356.53000000000003,1656.95,847.96,0.022161,2.0,,Keep,,,,,
52.0,CAM1.mp4,156.0,13.0,3.0,516.77,365.87,747.45,930.09,0.026153,3.0,,Keep,,,,,
53.0,CAM1.mp4,168.0,14.0,2.0,1464.8500000000001,398.67,1716.92,925.65,0.026691,2.0,,Keep,,,,,
54.0,CAM1.mp4,168.0,14.0,3.0,325.6,391.35,720.69,928.99,0.042683,3.0,,Keep,,,,,
55.0,CAM1.mp4,168.0,14.0,7.0,1663.79,1058.15,2016.45,1407.3700000000001,0.024746999999999998,7.0,,Keep,,,,,
56.0,CAM1.mp4,180.0,15.0,2.0,1447.78,389.0,1684.28,860.9300000000001,0.022427,2.0,,Keep,,,,,
57.0,CAM1.mp4,180.0,15.0,3.0,371.25,435.83,724.27,928.75,0.034966,3.0,,Keep,,,,,
58.0,CAM1.mp4,180.0,15.0,7.0,1663.64,1054.88,2015.3700000000001,1407.69,0.024936,7.0,,Keep,,,,,
59.0,CAM1.mp4,192.0,16.0,2.0,1451.1200000000001,385.47,1679.79,870.21,0.022272999999999998,2.0,,Keep,,,,,
60.0,CAM1.mp4,192.0,16.0,3.0,402.96000000000004,381.45,722.11,927.02,0.034985999999999996,3.0,,Keep,,,,,
61.0,CAM1.mp4,192.0,16.0,7.0,1665.51,1054.56,2017.78,1406.89,0.02494,7.0,,Keep,,,,,
62.0,CAM1.mp4,204.0,17.0,2.0,1452.98,385.92,1681.07,871.83,0.022269999999999998,2.0,,Keep,,,,,
63.0,CAM1.mp4,204.0,17.0,3.0,413.04,409.15000000000003,659.96,1017.08,0.030164,3.0,,Keep,,,,,
64.0,CAM1.mp4,204.0,17.0,7.0,1667.94,1065.95,2020.15,1409.27,0.024297,7.0,,Keep,,,,,
65.0,CAM1.mp4,216.0,18.0,2.0,1450.6000000000001,386.39,1682.98,873.6700000000001,0.022754,2.0,,Keep,,,,,
66.0,CAM1.mp4,216.0,18.0,3.0,470.2,503.69,789.76,1146.88,0.041301,3.0,,Keep,,,,,
67.0,CAM1.mp4,228.0,19.0,2.0,1453.59,388.2,1681.47,873.57,0.022226,2.0,,Keep,,,,,
68.0,CAM1.mp4,228.0,19.0,3.0,604.73,484.83,907.8100000000001,1162.21,0.041253,3.0,,Keep,,,,,
69.0,CAM1.mp4,228.0,19.0,7.0,1669.54,1061.57,2015.76,1405.68,0.023939,7.0,,Keep,,,,,
70.0,CAM1.mp4,240.0,20.0,2.0,1451.24,387.75,1679.8400000000001,874.4300000000001,0.022355,2.0,,Keep,,,,,
71.0,CAM1.mp4,240.0,20.0,3.0,618.29,496.85,962.96,1152.9,0.045436,3.0,,Keep,,,,,
72.0,CAM1.mp4,240.0,20.0,7.0,1577.33,1051.99,2021.46,1411.42,0.032077,7.0,,Keep,,,,,
73.0,CAM1.mp4,252.0,21.0,2.0,1452.0,387.85,1679.05,871.39,0.022060999999999997,2.0,,Keep,,,,,
74.0,CAM1.mp4,252.0,21.0,3.0,611.58,486.07,923.0,1156.5,0.041951999999999996,3.0,,Keep,,,,,
75.0,CAM1.mp4,252.0,21.0,7.0,1581.8400000000001,1052.31,2022.47,1410.68,0.03173,7.0,,Keep,,,,,
76.0,CAM1.mp4,264.0,22.0,2.0,1451.06,385.72,1681.31,870.19,0.022414999999999997,2.0,,Keep,,,,,
77.0,CAM1.mp4,264.0,22.0,3.0,618.88,486.31,912.5500000000001,1152.68,0.039323,3.0,,Keep,,,,,
78.0,CAM1.mp4,264.0,22.0,7.0,1582.56,1032.1,2020.21,1410.52,0.033278999999999996,7.0,,Keep,,,,,
79.0,CAM1.mp4,276.0,23.0,2.0,1449.8500000000001,384.81,1679.67,869.75,0.022394,2.0,,Keep,,,,,
80.0,CAM1.mp4,276.0,23.0,3.0,674.74,501.73,1114.3600000000001,1153.66,0.057588,3.0,,Keep,,,,,
81.0,CAM1.mp4,276.0,23.0,4.0,2404.69,495.42,2559.2200000000003,830.99,0.010419999999999999,4.0,,Keep,,,,,
82.0,CAM1.mp4,276.0,23.0,6.0,1952.44,430.61,2157.89,827.57,0.016388,6.0,,Keep,,,,,
83.0,CAM1.mp4,276.0,23.0,7.0,1580.9,1041.66,2021.39,1410.63,0.032658,7.0,,Keep,,,,,
84.0,CAM1.mp4,288.0,24.0,2.0,1449.38,387.44,1680.04,871.1,0.022417,2.0,,Keep,,,,,
85.0,CAM1.mp4,288.0,24.0,3.0,619.28,658.6,1000.46,1147.25,0.037427999999999996,3.0,,Keep,,,,,
86.0,CAM1.mp4,288.0,24.0,6.0,1941.8600000000001,406.29,2192.63,824.9300000000001,0.021093999999999998,6.0,,Keep,,,,,
87.0,CAM1.mp4,288.0,24.0,7.0,1582.13,1043.67,2020.66,1410.43,0.032318,7.0,,Keep,,,,,
88.0,CAM1.mp4,300.0,25.0,2.0,1445.55,387.18,1680.81,872.2,0.022928,2.0,,Keep,,,,,
89.0,CAM1.mp4,300.0,25.0,3.0,436.6,577.42,745.3100000000001,1163.18,0.036336,3.0,,Keep,,,,,
90.0,CAM1.mp4,300.0,25.0,6.0,1940.08,432.35,2153.08,826.23,0.016857999999999998,6.0,,Keep,,,,,
91.0,CAM1.mp4,300.0,25.0,7.0,1572.48,1051.63,2020.8300000000002,1409.13,0.032208,7.0,,Keep,,,,,
92.0,CAM1.mp4,312.0,26.0,2.0,1436.2,388.54,1675.32,865.28,0.022907,2.0,,Keep,,,,,
93.0,CAM1.mp4,312.0,26.0,3.0,391.07,839.53,766.9,1544.2,0.053217,3.0,,Keep,,,,,
94.0,CAM1.mp4,312.0,26.0,6.0,1937.93,437.28000000000003,2159.82,828.63,0.017449,6.0,,Keep,,,,,
95.0,CAM1.mp4,312.0,26.0,7.0,1588.88,1055.7,2021.52,1408.27,0.030650999999999998,7.0,,Keep,,,,,
96.0,CAM1.mp4,324.0,27.0,2.0,1436.78,391.5,1673.52,866.62,0.022601,2.0,,Keep,,,,,
97.0,CAM1.mp4,324.0,27.0,3.0,432.09000000000003,1058.23,871.9,1833.96,0.06855499999999999,3.0,,Keep,,,,,
98.0,CAM1.mp4,324.0,27.0,6.0,1943.75,437.44,2153.05,823.95,0.016255,6.0,,Keep,,,,,
99.0,CAM1.mp4,324.0,27.0,7.0,1587.28,1060.51,2021.28,1409.64,0.030447,7.0,,Keep,,,,,
100.0,CAM1.mp4,336.0,28.0,2.0,1451.32,389.73,1676.46,861.98,0.021363999999999998,2.0,,Keep,,,,,
101.0,CAM1.mp4,336.0,28.0,3.0,458.86,1090.2,869.9,1833.47,0.06139,3.0,,Keep,,,,,
102.0,CAM1.mp4,336.0,28.0,6.0,1944.82,410.24,2174.81,824.41,0.01914,6.0,,Keep,,,,,
103.0,CAM1.mp4,336.0,28.0,7.0,1586.21,1061.38,2020.0,1410.14,0.0304,7.0,,Keep,,,,,
104.0,CAM1.mp4,348.0,29.0,2.0,1449.28,389.43,1681.16,872.91,0.022527,2.0,,Keep,,,,,
105.0,CAM1.mp4,348.0,29.0,3.0,452.65000000000003,1091.05,868.45,1854.64,0.063799,3.0,,Keep,,,,,
106.0,CAM1.mp4,348.0,29.0,6.0,1939.54,429.7,2155.6,826.35,0.017221,6.0,,Keep,,,,,
107.0,CAM1.mp4,348.0,29.0,7.0,1590.47,1061.67,2019.98,1410.83,0.030133999999999998,7.0,,Keep,,,,,
108.0,CAM1.mp4,360.0,30.0,2.0,1453.71,388.2,1681.19,870.02,0.022022999999999997,2.0,,Keep,,,,,
109.0,CAM1.mp4,360.0,30.0,3.0,456.65000000000003,1110.91,868.34,1842.0900000000001,0.060486,3.0,,Keep,,,,,
110.0,CAM1.mp4,360.0,30.0,6.0,1941.6000000000001,431.19,2147.14,828.16,0.016395,6.0,,Keep,,,,,
111.0,CAM1.mp4,360.0,30.0,7.0,1590.42,1059.76,2023.6100000000001,1411.68,0.030632,7.0,,Keep,,,,,
112.0,CAM1.mp4,372.0,31.0,2.0,1453.2,393.40000000000003,1681.41,873.3000000000001,0.022005,2.0,,Keep,,,,,
113.0,CAM1.mp4,372.0,31.0,3.0,451.87,1103.83,870.82,1866.45,0.0642,3.0,,Keep,,,,,
114.0,CAM1.mp4,372.0,31.0,6.0,1955.77,436.8,2153.19,823.14,0.015326,6.0,,Keep,,,,,
115.0,CAM1.mp4,372.0,31.0,7.0,1591.8700000000001,1059.21,2019.14,1409.99,0.030115999999999997,7.0,,Keep,,,,,
116.0,CAM1.mp4,384.0,32.0,2.0,1454.54,391.83,1681.39,869.73,0.021783999999999998,2.0,,Keep,,,,,
117.0,CAM1.mp4,384.0,32.0,3.0,450.32,1099.31,869.14,1863.57,0.064318,3.0,,Keep,,,,,
118.0,CAM1.mp4,384.0,32.0,6.0,1934.57,424.48,2127.48,827.59,0.015626,6.0,,Keep,,,,,
119.0,CAM1.mp4,384.0,32.0,7.0,1589.14,1060.72,2020.94,1409.68,0.030278,7.0,,Keep,,,,,
120.0,CAM1.mp4,396.0,33.0,2.0,1454.06,392.18,1681.05,869.47,0.021769,2.0,,Keep,,,,,
121.0,CAM1.mp4,396.0,33.0,3.0,447.56,1091.15,864.5500000000001,1868.3700000000001,0.065123,3.0,,Keep,,,,,
122.0,CAM1.mp4,396.0,33.0,6.0,1893.8500000000001,426.01,2104.73,831.59,0.017186,6.0,,Keep,,,,,
123.0,CAM1.mp4,396.0,33.0,7.0,1585.25,1069.16,2025.02,1409.8600000000001,0.030107,7.0,,Keep,,,,,
124.0,CAM1.mp4,408.0,34.0,2.0,1453.77,392.51,1681.01,870.94,0.021845,2.0,,Keep,,,,,
125.0,CAM1.mp4,408.0,34.0,3.0,434.65000000000003,1089.08,826.09,1851.01,0.05993,3.0,,Keep,,,,,
126.0,CAM1.mp4,408.0,34.0,6.0,1894.27,428.38,2108.69,832.1,0.017395,6.0,,Keep,,,,,
127.0,CAM1.mp4,408.0,34.0,7.0,1584.99,1071.45,2023.82,1408.69,0.029737,7.0,,Keep,,,,,
128.0,CAM1.mp4,420.0,35.0,2.0,1454.5,393.72,1680.91,872.47,0.021781,2.0,,Keep,,,,,
129.0,CAM1.mp4,420.0,35.0,3.0,423.38,1084.22,806.48,1853.52,0.059219999999999995,3.0,,Keep,,,,,
130.0,CAM1.mp4,420.0,35.0,6.0,1897.69,428.15000000000003,2114.7,830.44,0.017543,6.0,,Keep,,,,,
131.0,CAM1.mp4,420.0,35.0,7.0,1590.49,1071.58,2017.6100000000001,1406.54,0.028748,7.0,,Keep,,,,,
132.0,CAM1.mp4,432.0,36.0,2.0,1452.4,390.38,1681.65,868.5500000000001,0.022026999999999998,2.0,,Keep,,,,,
133.0,CAM1.mp4,432.0,36.0,3.0,418.5,1077.2,814.25,1839.54,0.060621999999999995,3.0,,Keep,,,,,
134.0,CAM1.mp4,432.0,36.0,6.0,1897.3600000000001,425.17,2113.44,831.13,0.017627,6.0,,Keep,,,,,
135.0,CAM1.mp4,432.0,36.0,7.0,1549.32,1054.08,2018.71,1407.91,0.033373,7.0,,Keep,,,,,
136.0,CAM1.mp4,444.0,37.0,2.0,1452.66,391.26,1680.8700000000001,870.12,0.021959,2.0,,Keep,,,,,
137.0,CAM1.mp4,444.0,37.0,3.0,426.7,1074.85,810.71,1860.97,0.06066,3.0,,Keep,,,,,
138.0,CAM1.mp4,444.0,37.0,6.0,1907.07,429.86,2120.5,830.5,0.017182,6.0,,Keep,,,,,
139.0,CAM1.mp4,444.0,37.0,7.0,1592.55,1054.45,2018.66,1404.64,0.029984,7.0,,Keep,,,,,
140.0,CAM1.mp4,456.0,38.0,2.0,1454.58,393.33,1681.73,872.22,0.021856999999999998,2.0,,Keep,,,,,
141.0,CAM1.mp4,456.0,38.0,3.0,442.97,1079.43,825.59,1868.58,0.060673,3.0,,Keep,,,,,
142.0,CAM1.mp4,456.0,38.0,6.0,1906.3500000000001,432.0,2116.61,829.48,0.016793,6.0,,Keep,,,,,
143.0,CAM1.mp4,456.0,38.0,7.0,1599.26,1053.76,2019.72,1405.16,0.029689,7.0,,Keep,,,,,
144.0,CAM1.mp4,468.0,39.0,2.0,1454.16,392.26,1681.6200000000001,869.98,0.021834,2.0,,Keep,,,,,
145.0,CAM1.mp4,468.0,39.0,3.0,440.53000000000003,1077.77,816.73,1871.3400000000001,0.059988,3.0,,Keep,,,,,
146.0,CAM1.mp4,468.0,39.0,6.0,1908.8500000000001,430.04,2118.71,830.59,0.016891,6.0,,Keep,,,,,
147.0,CAM1.mp4,468.0,39.0,7.0,1601.3600000000001,1044.77,2015.8500000000001,1407.8600000000001,0.030240999999999997,7.0,,Keep,,,,,
148.0,CAM1.mp4,480.0,40.0,2.0,1453.33,392.28000000000003,1681.07,874.0,0.022043999999999998,2.0,,Keep,,,,,
149.0,CAM1.mp4,480.0,40.0,3.0,443.62,1075.3600000000001,823.66,1847.5,0.058965,3.0,,Keep,,,,,
150.0,CAM1.mp4,480.0,40.0,6.0,1910.69,430.78000000000003,2176.04,830.48,0.021311,6.0,,Keep,,,,,
151.0,CAM1.mp4,480.0,40.0,7.0,1666.18,1055.35,2018.6000000000001,1407.4,0.024929999999999997,7.0,,Keep,,,,,
152.0,CAM1.mp4,492.0,41.0,2.0,1453.3,391.55,1681.79,867.59,0.021856999999999998,2.0,,Keep,,,,,
153.0,CAM1.mp4,492.0,41.0,3.0,446.75,1090.66,833.33,1819.02,0.056579,3.0,,Keep,,,,,
154.0,CAM1.mp4,492.0,41.0,6.0,1898.57,436.34000000000003,2129.43,830.04,0.018262999999999998,6.0,,Keep,,,,,
155.0,CAM1.mp4,492.0,41.0,7.0,1660.98,1066.2,2023.01,1407.3700000000001,0.024818,7.0,,Keep,,,,,
156.0,CAM1.mp4,504.0,42.0,2.0,1451.6000000000001,393.18,1679.18,868.5600000000001,0.021738999999999998,2.0,,Keep,,,,,
157.0,CAM1.mp4,504.0,42.0,3.0,440.03000000000003,1092.68,834.57,1825.44,0.058092,3.0,,Keep,,,,,
158.0,CAM1.mp4,504.0,42.0,6.0,1929.8700000000001,435.73,2132.02,829.53,0.015996,6.0,,Keep,,,,,
159.0,CAM1.mp4,504.0,42.0,7.0,1659.46,1060.04,2022.5,1409.55,0.025495999999999998,7.0,,Keep,,,,,
160.0,CAM1.mp4,516.0,43.0,2.0,1452.54,389.25,1679.81,865.35,0.021743,2.0,,Keep,,,,,
161.0,CAM1.mp4,516.0,43.0,3.0,435.62,1097.58,825.5500000000001,1827.55,0.057196,3.0,,Keep,,,,,
162.0,CAM1.mp4,516.0,43.0,7.0,1656.8500000000001,1071.44,2022.0800000000002,1413.64,0.025113999999999997,7.0,,Keep,,,,,
163.0,CAM1.mp4,528.0,44.0,2.0,1451.26,392.06,1680.45,868.4300000000001,0.021938,2.0,,Keep,,,,,
164.0,CAM1.mp4,528.0,44.0,3.0,434.84000000000003,1090.64,823.97,1825.18,0.057434,3.0,,Keep,,,,,
165.0,CAM1.mp4,528.0,44.0,7.0,1656.65,1074.88,2024.07,1413.57,0.025005,7.0,,Keep,,,,,
166.0,CAM1.mp4,540.0,45.0,2.0,1451.89,394.18,1679.77,866.87,0.021644,2.0,,Keep,,,,,
167.0,CAM1.mp4,540.0,45.0,3.0,428.94,1068.55,818.58,1779.8400000000001,0.055689999999999996,3.0,,Keep,,,,,
168.0,CAM1.mp4,540.0,45.0,7.0,1658.74,1067.39,2021.0900000000001,1411.2,0.025033,7.0,,Keep,,,,,
169.0,CAM1.mp4,552.0,46.0,2.0,1442.1200000000001,388.13,1675.3,870.9200000000001,0.022621,2.0,,Keep,,,,,
170.0,CAM1.mp4,552.0,46.0,3.0,428.71000000000004,1055.19,818.94,1745.57,0.054134999999999996,3.0,,Keep,,,,,
171.0,CAM1.mp4,552.0,46.0,7.0,1658.41,1069.58,2025.23,1407.95,0.02494,7.0,,Keep,,,,,
172.0,CAM1.mp4,564.0,47.0,2.0,1467.1100000000001,389.69,1671.64,868.77,0.019688999999999998,2.0,,Keep,,,,,
173.0,CAM1.mp4,564.0,47.0,3.0,427.94,1047.78,819.2,1731.8700000000001,0.053781999999999996,3.0,,Keep,,,,,
174.0,CAM1.mp4,564.0,47.0,7.0,1658.56,1071.1100000000001,2023.4,1410.58,0.024887,7.0,,Keep,,,,,
175.0,CAM1.mp4,576.0,48.0,2.0,1486.28,411.12,1730.57,905.99,0.024291,2.0,,Keep,,,,,
176.0,CAM1.mp4,576.0,48.0,3.0,430.33,1046.65,824.8000000000001,1734.19,0.054495999999999996,3.0,,Keep,,,,,
177.0,CAM1.mp4,576.0,48.0,7.0,1659.22,1073.22,2023.3300000000002,1408.55,0.024534,7.0,,Keep,,,,,
178.0,CAM1.mp4,588.0,49.0,2.0,1466.25,402.48,1695.79,872.38,0.021674,2.0,,Keep,,,,,
179.0,CAM1.mp4,588.0,49.0,3.0,433.01,1076.98,829.59,1742.02,0.052995,3.0,,Keep,,,,,
180.0,CAM1.mp4,588.0,49.0,7.0,1659.08,1072.08,2026.13,1407.89,0.024766999999999997,7.0,,Keep,,,,,
181.0,CAM1.mp4,600.0,50.0,2.0,1454.27,382.40000000000003,1676.3700000000001,894.4200000000001,0.022851,2.0,,Keep,,,,,
182.0,CAM1.mp4,600.0,50.0,3.0,433.42,1072.68,828.86,1740.57,0.05307,3.0,,Keep,,,,,
183.0,CAM1.mp4,600.0,50.0,7.0,1660.08,1068.07,2024.03,1409.3,0.024954,7.0,,Keep,,,,,
184.0,CAM1.mp4,612.0,51.0,2.0,1550.72,405.66,1754.05,990.37,0.023889,2.0,,Keep,,,,,
185.0,CAM1.mp4,612.0,51.0,3.0,433.04,1044.15,827.09,1739.97,0.055096,3.0,,Keep,,,,,
186.0,CAM1.mp4,624.0,52.0,2.0,1556.67,403.42,1772.5900000000001,985.4,0.025248999999999997,2.0,,Keep,,,,,
187.0,CAM1.mp4,624.0,52.0,3.0,430.97,1055.32,826.87,1736.93,0.054223999999999994,3.0,,Keep,,,,,
188.0,CAM1.mp4,624.0,52.0,7.0,1597.91,1067.5,2024.5800000000002,1407.6200000000001,0.02916,7.0,,Keep,,,,,
189.0,CAM1.mp4,636.0,53.0,2.0,1549.45,402.96000000000004,1777.16,991.41,0.026924999999999998,2.0,,Keep,,,,,
190.0,CAM1.mp4,636.0,53.0,3.0,432.73,1071.92,827.84,1736.1200000000001,0.052731999999999994,3.0,,Keep,,,,,
191.0,CAM1.mp4,648.0,54.0,2.0,1514.73,414.35,1729.79,977.24,0.024324,2.0,,Keep,,,,,
192.0,CAM1.mp4,648.0,54.0,3.0,427.84000000000003,1066.34,826.22,1732.23,0.053302999999999996,3.0,,Keep,,,,,
193.0,CAM1.mp4,648.0,54.0,7.0,1598.6200000000001,1066.77,2020.5900000000001,1406.69,0.028822,7.0,,Keep,,,,,
194.0,CAM1.mp4,660.0,55.0,2.0,1486.8600000000001,426.59000000000003,1704.8,910.6800000000001,0.021199,2.0,,Keep,,,,,
195.0,CAM1.mp4,660.0,55.0,3.0,418.51,1090.25,874.51,1726.54,0.058302,3.0,,Keep,,,,,
196.0,CAM1.mp4,660.0,55.0,7.0,1622.42,1051.18,2111.4,1419.81,0.036220999999999996,7.0,,Keep,,,,,
197.0,CAM1.mp4,672.0,56.0,2.0,1520.52,399.85,1721.1200000000001,879.72,0.019343,2.0,,Keep,,,,,
198.0,CAM1.mp4,672.0,56.0,3.0,405.11,1088.03,878.21,1729.5900000000001,0.060988999999999995,3.0,,Keep,,,,,
199.0,CAM1.mp4,672.0,56.0,7.0,1658.79,1035.0,2148.5,1462.04,0.042019999999999995,7.0,,Keep,,,,,
200.0,CAM1.mp4,684.0,57.0,2.0,1550.52,395.37,1757.95,944.7,0.022896,2.0,,Keep,,,,,
201.0,CAM1.mp4,684.0,57.0,3.0,346.53000000000003,1055.75,879.91,1631.28,0.061683999999999996,3.0,,Keep,,,,,
202.0,CAM1.mp4,684.0,57.0,7.0,1642.25,1038.01,2126.04,1432.56,0.038355,7.0,,Keep,,,,,
203.0,CAM1.mp4,696.0,58.0,2.0,1483.1000000000001,399.86,1710.5900000000001,862.2,0.021134,2.0,,Keep,,,,,
204.0,CAM1.mp4,696.0,58.0,3.0,361.35,781.8000000000001,745.67,1540.53,0.058592,3.0,,Keep,,,,,
205.0,CAM1.mp4,696.0,58.0,7.0,1642.31,1059.38,2128.56,1447.45,0.037918,7.0,,Keep,,,,,
206.0,CAM1.mp4,708.0,59.0,2.0,1413.55,355.04,1622.8700000000001,853.1,0.020949,2.0,,Keep,,,,,
207.0,CAM1.mp4,708.0,59.0,3.0,548.52,515.11,884.21,1223.81,0.047804,3.0,,Keep,,,,,
208.0,CAM1.mp4,708.0,59.0,7.0,1642.3600000000001,1059.25,2125.61,1437.74,0.036753,7.0,,Keep,,,,,
209.0,CAM1.mp4,720.0,60.0,2.0,1420.04,325.64,1637.7,839.62,0.02248,2.0,,Keep,,,,,
210.0,CAM1.mp4,720.0,60.0,3.0,512.02,487.86,979.25,1139.51,0.06118,3.0,,Keep,,,,,
211.0,CAM1.mp4,720.0,60.0,7.0,1641.82,1054.53,2128.9700000000003,1442.23,0.037951,7.0,,Keep,,,,,
212.0,CAM1.mp4,732.0,61.0,2.0,1345.43,276.68,1557.39,782.66,0.02155,2.0,,Keep,,,,,
213.0,CAM1.mp4,732.0,61.0,3.0,710.22,480.53000000000003,1013.45,1020.3000000000001,0.032889,3.0,,Keep,,,,,
214.0,CAM1.mp4,732.0,61.0,7.0,1644.22,1031.03,2137.56,1422.97,0.038853,7.0,,Keep,,,,,
215.0,CAM1.mp4,744.0,62.0,2.0,1344.58,271.22,1555.81,792.94,0.022144,2.0,,Keep,,,,,
216.0,CAM1.mp4,744.0,62.0,3.0,716.21,460.39,1008.69,1025.28,0.033199,3.0,,Keep,,,,,
217.0,CAM1.mp4,744.0,62.0,7.0,1646.0,1036.3,2134.1,1425.0,0.038123,7.0,,Keep,,,,,
218.0,CAM1.mp4,756.0,63.0,2.0,1344.8600000000001,274.8,1562.72,795.16,0.022779,2.0,,Keep,,,,,
219.0,CAM1.mp4,756.0,63.0,3.0,692.5600000000001,431.72,998.58,1010.71,0.035604,3.0,,Keep,,,,,
220.0,CAM1.mp4,756.0,63.0,7.0,1644.39,1031.91,2125.92,1424.81,0.038016,7.0,,Keep,,,,,
221.0,CAM1.mp4,768.0,64.0,2.0,1373.42,269.25,1550.6100000000001,729.44,0.016385,2.0,,Keep,,,,,
222.0,CAM1.mp4,768.0,64.0,3.0,672.17,451.88,964.66,1011.8000000000001,0.032908,3.0,,Keep,,,,,
223.0,CAM1.mp4,768.0,64.0,7.0,1645.02,1031.92,2125.37,1425.3700000000001,0.037977,7.0,,Keep,,,,,
224.0,CAM1.mp4,780.0,65.0,2.0,1350.81,267.31,1549.43,762.54,0.019764999999999998,2.0,,Keep,,,,,
225.0,CAM1.mp4,780.0,65.0,3.0,672.58,458.07,963.4,1010.5400000000001,0.032285,3.0,,Keep,,,,,
226.0,CAM1.mp4,780.0,65.0,7.0,1644.66,1033.77,2125.9700000000003,1424.54,0.037792,7.0,,Keep,,,,,
227.0,CAM1.mp4,792.0,66.0,2.0,1342.68,274.86,1531.1000000000001,786.54,0.019372999999999998,2.0,,Keep,,,,,
228.0,CAM1.mp4,792.0,66.0,3.0,681.35,426.53000000000003,966.26,1013.14,0.033583,3.0,,Keep,,,,,
229.0,CAM1.mp4,792.0,66.0,7.0,1644.6200000000001,1035.33,2120.61,1429.8700000000001,0.037736,7.0,,Keep,,,,,
230.0,CAM1.mp4,804.0,67.0,2.0,1317.19,284.42,1528.18,754.53,0.019931,2.0,,Keep,,,,,
231.0,CAM1.mp4,804.0,67.0,3.0,675.91,445.88,975.58,1013.2,0.034161,3.0,,Keep,,,,,
232.0,CAM1.mp4,804.0,67.0,7.0,1644.92,1034.29,2120.4700000000003,1426.33,0.037461999999999995,7.0,,Keep,,,,,
233.0,CAM1.mp4,816.0,68.0,2.0,1277.14,280.96,1474.2,716.87,0.017261,2.0,,Keep,,,,,
234.0,CAM1.mp4,816.0,68.0,3.0,676.7,446.21000000000004,965.62,1013.0400000000001,0.032908,3.0,,Keep,,,,,
235.0,CAM1.mp4,816.0,68.0,7.0,1644.68,1033.48,2121.17,1422.6100000000001,0.037257,7.0,,Keep,,,,,
236.0,CAM1.mp4,828.0,69.0,2.0,1280.77,280.44,1476.8,716.25,0.017166999999999998,2.0,,Keep,,,,,
237.0,CAM1.mp4,828.0,69.0,3.0,677.76,450.2,979.1800000000001,1009.71,0.033887,3.0,,Keep,,,,,
238.0,CAM1.mp4,828.0,69.0,7.0,1644.53,1031.15,2119.6,1422.01,0.037312,7.0,,Keep,,,,,
239.0,CAM1.mp4,840.0,70.0,2.0,1279.39,281.57,1476.68,715.08,0.017186,2.0,,Keep,,,,,
240.0,CAM1.mp4,840.0,70.0,3.0,678.41,452.75,1014.73,1006.19,0.037401,3.0,,Keep,,,,,
241.0,CAM1.mp4,840.0,70.0,7.0,1645.29,1032.34,2119.51,1423.58,0.037281,7.0,,Keep,,,,,
242.0,CAM1.mp4,852.0,71.0,2.0,1281.52,285.47,1474.77,715.04,0.016680999999999998,2.0,,Keep,,,,,
243.0,CAM1.mp4,852.0,71.0,3.0,682.78,452.58,1025.76,1012.57,0.038592999999999995,3.0,,Keep,,,,,
244.0,CAM1.mp4,852.0,71.0,7.0,1644.75,1031.9,2122.21,1419.02,0.037141,7.0,,Keep,,,,,
245.0,CAM1.mp4,864.0,72.0,2.0,1358.53,291.99,1552.3600000000001,752.96,0.017953999999999998,2.0,,Keep,,,,,
246.0,CAM1.mp4,864.0,72.0,3.0,674.24,433.41,961.4,1007.98,0.033153999999999996,3.0,,Keep,,,,,
247.0,CAM1.mp4,864.0,72.0,7.0,1645.29,1030.89,2122.87,1421.58,0.037492,7.0,,Keep,,,,,
248.0,CAM1.mp4,876.0,73.0,2.0,1344.53,293.03000000000003,1546.97,769.12,0.019367,2.0,,Keep,,,,,
249.0,CAM1.mp4,876.0,73.0,3.0,695.08,408.98,943.08,1010.64,0.029981999999999998,3.0,,Keep,,,,,
250.0,CAM1.mp4,876.0,73.0,7.0,1645.43,1032.16,2122.23,1417.25,0.036895,7.0,,Keep,,,,,
251.0,CAM1.mp4,888.0,74.0,2.0,1275.7,282.63,1473.02,717.96,0.017259999999999998,2.0,,Keep,,,,,
252.0,CAM1.mp4,888.0,74.0,3.0,727.85,412.79,948.6,1004.52,0.026247,3.0,,Keep,,,,,
253.0,CAM1.mp4,888.0,74.0,7.0,1645.19,1033.93,2122.43,1414.99,0.036541,7.0,,Keep,,,,,
254.0,CAM1.mp4,900.0,75.0,2.0,1280.07,282.57,1476.18,719.34,0.017211999999999998,2.0,,Keep,,,,,
255.0,CAM1.mp4,900.0,75.0,3.0,726.67,410.84000000000003,961.39,1008.0,0.028166,3.0,,Keep,,,,,
256.0,CAM1.mp4,900.0,75.0,7.0,1645.29,1031.35,2120.35,1414.63,0.036587,7.0,,Keep,,,,,
257.0,CAM1.mp4,912.0,76.0,2.0,1280.75,283.08,1474.63,717.64,0.01693,2.0,,Keep,,,,,
258.0,CAM1.mp4,912.0,76.0,3.0,727.65,408.07,951.6800000000001,1009.73,0.027084,3.0,,Keep,,,,,
259.0,CAM1.mp4,912.0,76.0,7.0,1645.69,1031.21,2119.26,1417.3700000000001,0.036746999999999995,7.0,,Keep,,,,,
260.0,CAM1.mp4,924.0,77.0,2.0,1286.59,281.12,1479.69,718.44,0.016968,2.0,,Keep,,,,,
261.0,CAM1.mp4,924.0,77.0,3.0,727.84,314.41,1038.21,1006.91,0.043189,3.0,,Keep,,,,,
262.0,CAM1.mp4,924.0,77.0,7.0,1644.8500000000001,1030.77,2118.86,1413.69,0.036470999999999996,7.0,,Keep,,,,,
263.0,CAM1.mp4,936.0,78.0,2.0,1284.91,281.13,1477.4,715.09,0.016784,2.0,,Keep,,,,,
264.0,CAM1.mp4,936.0,78.0,3.0,725.88,408.0,943.1800000000001,1010.0,0.026286,3.0,,Keep,,,,,
265.0,CAM1.mp4,936.0,78.0,7.0,1645.65,1030.15,2119.8,1407.64,0.035966,7.0,,Keep,,,,,
266.0,CAM1.mp4,948.0,79.0,2.0,1285.17,282.27,1478.27,716.17,0.016836,2.0,,Keep,,,,,
267.0,CAM1.mp4,948.0,79.0,3.0,725.8000000000001,408.62,950.94,1008.76,0.027149999999999997,3.0,,Keep,,,,,
268.0,CAM1.mp4,948.0,79.0,7.0,1646.41,1021.0600000000001,2112.48,1419.23,0.037288999999999996,7.0,,Keep,,,,,
269.0,CAM1.mp4,960.0,80.0,2.0,1285.0,283.23,1477.8700000000001,715.24,0.016742,2.0,,Keep,,,,,
270.0,CAM1.mp4,960.0,80.0,3.0,724.63,410.47,947.75,1006.7,0.026732,3.0,,Keep,,,,,
271.0,CAM1.mp4,960.0,80.0,7.0,1645.92,1032.68,2009.21,1404.17,0.027118,7.0,,Keep,,,,,
272.0,CAM1.mp4,972.0,81.0,2.0,1237.92,277.29,1430.5,731.1,0.017561,2.0,,Keep,,,,,
273.0,CAM1.mp4,972.0,81.0,3.0,723.82,407.99,978.79,1009.07,0.030795999999999997,3.0,,Keep,,,,,
274.0,CAM1.mp4,972.0,81.0,7.0,1558.9,1063.99,2013.99,1405.63,0.031240999999999998,7.0,,Keep,,,,,
275.0,CAM1.mp4,984.0,82.0,2.0,1133.15,284.92,1328.39,688.2,0.015820999999999998,2.0,,Keep,,,,,
276.0,CAM1.mp4,984.0,82.0,3.0,721.02,404.6,1011.71,1008.6700000000001,0.035285,3.0,,Keep,,,,,
277.0,CAM1.mp4,984.0,82.0,7.0,1575.83,1061.21,2016.31,1406.02,0.030518999999999998,7.0,,Keep,,,,,
278.0,CAM1.mp4,996.0,83.0,2.0,1039.54,335.63,1243.63,681.65,0.01419,2.0,,Keep,,,,,
279.0,CAM1.mp4,996.0,83.0,3.0,720.95,405.25,1010.0600000000001,1011.3100000000001,0.035207999999999996,3.0,,Keep,,,,,
280.0,CAM1.mp4,996.0,83.0,7.0,1574.27,1051.53,2015.16,1405.1000000000001,0.031323,7.0,,Keep,,,,,
281.0,CAM1.mp4,1008.0,84.0,2.0,1050.25,319.39,1256.3700000000001,680.61,0.014960999999999999,2.0,,Keep,,,,,
282.0,CAM1.mp4,1008.0,84.0,3.0,719.79,405.95,956.84,1008.48,0.028700999999999997,3.0,,Keep,,,,,
283.0,CAM1.mp4,1008.0,84.0,7.0,1576.3,1048.28,2017.77,1405.8500000000001,0.031719,7.0,,Keep,,,,,
284.0,CAM1.mp4,1020.0,85.0,2.0,1121.03,279.05,1317.65,693.58,0.016377,2.0,,Keep,,,,,
285.0,CAM1.mp4,1020.0,85.0,3.0,708.26,409.65000000000003,935.65,1013.01,0.027568,3.0,,Keep,,,,,
286.0,CAM1.mp4,1020.0,85.0,7.0,1578.47,1049.58,2017.42,1404.3,0.031286999999999995,7.0,,Keep,,,,,
287.0,CAM1.mp4,1032.0,86.0,2.0,1094.55,265.05,1287.29,680.79,0.016101,2.0,,Keep,,,,,
288.0,CAM1.mp4,1032.0,86.0,3.0,709.1,417.39,944.39,1010.9,0.028059999999999998,3.0,,Keep,,,,,
289.0,CAM1.mp4,1032.0,86.0,7.0,1577.21,1057.88,2014.7,1404.49,0.030469999999999997,7.0,,Keep,,,,,
290.0,CAM1.mp4,1044.0,87.0,2.0,1045.16,276.98,1247.8,672.38,0.016099,2.0,,Keep,,,,,
291.0,CAM1.mp4,1044.0,87.0,3.0,724.58,406.54,956.64,1010.63,0.028169,3.0,,Keep,,,,,
292.0,CAM1.mp4,1044.0,87.0,7.0,1573.66,1055.67,2019.76,1402.1200000000001,0.031055,7.0,,Keep,,,,,
293.0,CAM1.mp4,1056.0,88.0,2.0,1079.81,269.27,1272.33,671.86,0.015574,2.0,,Keep,,,,,
294.0,CAM1.mp4,1056.0,88.0,3.0,732.12,412.37,986.69,1009.53,0.030546,3.0,,Keep,,,,,
295.0,CAM1.mp4,1056.0,88.0,7.0,1579.05,1061.64,2019.32,1406.6100000000001,0.030518999999999998,7.0,,Keep,,,,,
296.0,CAM1.mp4,1068.0,89.0,2.0,1077.56,272.44,1271.94,675.13,0.015728,2.0,,Keep,,,,,
297.0,CAM1.mp4,1068.0,89.0,3.0,733.21,408.5,1026.18,1009.82,0.035399,3.0,,Keep,,,,,
298.0,CAM1.mp4,1068.0,89.0,7.0,1571.98,1063.95,2017.8,1405.32,0.03058,7.0,,Keep,,,,,
299.0,CAM1.mp4,1080.0,90.0,2.0,1061.26,280.40000000000003,1253.8,666.78,0.014948,2.0,,Keep,,,,,
300.0,CAM1.mp4,1080.0,90.0,3.0,736.71,408.93,998.52,1009.57,0.031598999999999995,3.0,,Keep,,,,,
301.0,CAM1.mp4,1092.0,91.0,2.0,1069.2,271.22,1265.45,674.24,0.015893,2.0,,Keep,,,,,
302.0,CAM1.mp4,1092.0,91.0,3.0,735.5600000000001,409.35,1012.2900000000001,1010.82,0.033446,3.0,,Keep,,,,,
303.0,CAM1.mp4,1092.0,91.0,7.0,1578.53,1074.49,2020.0800000000002,1407.94,0.029585999999999998,7.0,,Keep,,,,,
304.0,CAM1.mp4,1104.0,92.0,2.0,1113.09,265.8,1305.84,678.03,0.015965999999999998,2.0,,Keep,,,,,
305.0,CAM1.mp4,1104.0,92.0,3.0,732.42,407.19,995.36,1010.16,0.031856999999999996,3.0,,Keep,,,,,
306.0,CAM1.mp4,1104.0,92.0,7.0,1578.3500000000001,1076.13,2020.98,1407.69,0.029488999999999998,7.0,,Keep,,,,,
307.0,CAM1.mp4,1116.0,93.0,2.0,1089.08,261.49,1277.3700000000001,675.73,0.015673,2.0,,Keep,,,,,
308.0,CAM1.mp4,1116.0,93.0,3.0,715.44,401.89,992.83,1008.94,0.033836,3.0,,Keep,,,,,
309.0,CAM1.mp4,1116.0,93.0,7.0,1574.69,1034.03,2028.29,1406.64,0.033962,7.0,,Keep,,,,,
310.0,CAM1.mp4,1128.0,94.0,2.0,1120.9,259.63,1307.75,694.07,0.016311,2.0,,Keep,,,,,
311.0,CAM1.mp4,1128.0,94.0,3.0,734.4,447.26,1120.58,1016.66,0.044184,3.0,,Keep,,,,,
312.0,CAM1.mp4,1128.0,94.0,7.0,1579.2,1040.26,2022.74,1404.8500000000001,0.032493999999999995,7.0,,Keep,,,,,
313.0,CAM1.mp4,1140.0,95.0,2.0,1268.75,283.01,1449.84,665.63,0.013923,2.0,,Keep,,,,,
314.0,CAM1.mp4,1140.0,95.0,3.0,751.16,454.21000000000004,1103.59,1013.11,0.039578999999999996,3.0,,Keep,,,,,
315.0,CAM1.mp4,1140.0,95.0,7.0,1623.8500000000001,1042.93,2013.22,1399.1100000000001,0.027867,7.0,,Keep,,,,,
316.0,CAM1.mp4,1152.0,96.0,2.0,1319.4,320.11,1605.16,770.01,0.025834,2.0,,Keep,,,,,
317.0,CAM1.mp4,1152.0,96.0,3.0,778.39,395.82,1198.57,1014.02,0.052195,3.0,,Keep,,,,,
318.0,CAM1.mp4,1152.0,96.0,7.0,1629.98,1048.82,2019.0800000000002,1404.68,0.027822999999999997,7.0,,Keep,,,,,
319.0,CAM1.mp4,1164.0,97.0,2.0,1194.8,370.82,1623.3700000000001,840.6,0.040456,2.0,,Keep,,,,,
320.0,CAM1.mp4,1164.0,97.0,3.0,775.27,453.6,1166.57,1016.5400000000001,0.044263,3.0,,Keep,,,,,
321.0,CAM1.mp4,1164.0,97.0,7.0,1650.3700000000001,1064.8,2019.6100000000001,1404.5,0.025203999999999997,7.0,,Keep,,,,,
322.0,CAM1.mp4,1176.0,98.0,2.0,1272.97,379.65000000000003,1617.77,849.34,0.032542,2.0,,Keep,,,,,
323.0,CAM1.mp4,1176.0,98.0,3.0,782.62,454.31,1196.08,1011.59,0.046298,3.0,,Keep,,,,,
324.0,CAM1.mp4,1176.0,98.0,4.0,1757.1100000000001,390.42,2036.77,904.11,0.028867,8.0,,Relabel,,,,,
325.0,CAM1.mp4,1176.0,98.0,7.0,1660.51,1065.1200000000001,2019.7,1404.27,0.024478999999999997,7.0,,Keep,,,,,
326.0,CAM1.mp4,1188.0,99.0,2.0,1459.6000000000001,388.51,1759.54,975.64,0.035387,2.0,,Keep,,,,,
327.0,CAM1.mp4,1188.0,99.0,3.0,707.21,427.7,975.16,1003.44,0.030999,3.0,,Keep,,,,,
328.0,CAM1.mp4,1188.0,99.0,4.0,1675.66,378.41,1959.79,953.08,0.032809,8.0,,Relabel,,,,,
329.0,CAM1.mp4,1188.0,99.0,7.0,1658.88,1064.5,2019.39,1400.88,0.024367999999999997,7.0,,Keep,,,,,
330.0,CAM1.mp4,1200.0,100.0,2.0,1469.05,414.07,1692.54,860.4200000000001,0.020045,9.0,,Relabel,,,,,
331.0,CAM1.mp4,1200.0,100.0,3.0,682.87,411.79,948.19,1017.7900000000001,0.032307999999999996,3.0,,Keep,,,,,
332.0,CAM1.mp4,1200.0,100.0,4.0,1677.94,505.52000000000004,2051.44,1175.47,0.050281,2.0,,Relabel,,,,,
333.0,CAM1.mp4,1200.0,100.0,7.0,1658.6000000000001,1065.38,2032.3600000000001,1402.63,0.025328,7.0,,Keep,,,,,
334.0,CAM1.mp4,1212.0,101.0,2.0,1637.44,525.66,1886.2,1008.26,0.024121999999999998,9.0,,Relabel,,,,,
335.0,CAM1.mp4,1212.0,101.0,3.0,707.1800000000001,418.36,1003.59,1017.39,0.035678,3.0,,Keep,,,,,
336.0,CAM1.mp4,1212.0,101.0,4.0,1954.52,666.28,2270.63,1398.3700000000001,0.046501999999999995,2.0,,Relabel,,,,,
337.0,CAM1.mp4,1212.0,101.0,7.0,1659.01,1067.6,2015.03,1404.04,0.024069,7.0,,Keep,,,,,
338.0,CAM1.mp4,1224.0,102.0,2.0,1923.92,701.96,2212.63,1218.41,0.029959999999999997,9.0,,Relabel,,,,,
339.0,CAM1.mp4,1224.0,102.0,3.0,707.33,411.04,971.41,1020.78,0.032355,3.0,,Keep,,,,,
340.0,CAM1.mp4,1224.0,102.0,4.0,2239.63,915.1800000000001,2559.55,1489.94,0.036948,2.0,,Relabel,,,,,
341.0,CAM1.mp4,1224.0,102.0,7.0,1655.51,1070.01,2014.5,1403.67,0.024068,7.0,,Keep,,,,,
342.0,CAM1.mp4,1234.0,102.833333,8.0,1709.07,575.4300000000001,2069.18,1209.29,0.045864999999999996,8.0,,Keep,,,,,
343.0,CAM1.mp4,1236.0,103.0,2.0,2137.17,952.41,2524.92,1691.72,0.057602999999999994,9.0,,Relabel,,,,,
344.0,CAM1.mp4,1236.0,103.0,3.0,703.44,410.52,963.9300000000001,1020.53,0.03193,3.0,,Keep,,,,,
345.0,CAM1.mp4,1236.0,103.0,4.0,1656.39,463.29,1933.16,1119.97,0.036521,5.0,,Relabel,,,,,
346.0,CAM1.mp4,1236.0,103.0,8.0,1800.77,575.1800000000001,2136.94,1110.76,0.036178,8.0,,Keep,,,,,
347.0,CAM1.mp4,1248.0,104.0,3.0,720.52,419.98,988.15,1016.41,0.032075,3.0,,Keep,,,,,
348.0,CAM1.mp4,1248.0,104.0,4.0,1731.22,515.47,2054.89,1103.04,0.038214,5.0,,Relabel,,,,,
349.0,CAM1.mp4,1248.0,104.0,7.0,1658.3400000000001,1055.3600000000001,2026.6100000000001,1405.65,0.025921999999999997,7.0,,Keep,,,,,
350.0,CAM1.mp4,1248.0,104.0,8.0,1899.22,633.17,2232.96,1208.31,0.03857,8.0,,Keep,,,,,
351.0,CAM1.mp4,1260.0,105.0,3.0,736.67,442.51,988.8100000000001,1013.99,0.028953999999999997,3.0,,Keep,,,,,
352.0,CAM1.mp4,1260.0,105.0,7.0,1658.17,1062.0,2022.8,1404.69,0.025108,7.0,,Keep,,,,,
353.0,CAM1.mp4,1260.0,105.0,8.0,1745.16,636.16,2107.4700000000003,1170.6100000000001,0.03891,8.0,,Keep,,,,,
354.0,CAM1.mp4,1272.0,106.0,3.0,512.48,506.81,811.34,1181.58,0.040521999999999996,3.0,,Keep,,,,,
355.0,CAM1.mp4,1272.0,106.0,7.0,1657.22,1068.9,2017.92,1401.33,0.024093999999999997,7.0,,Keep,,,,,
356.0,CAM1.mp4,1272.0,106.0,8.0,1746.02,630.49,2094.9900000000002,1179.4,0.038489999999999996,8.0,,Keep,,,,,
357.0,CAM1.mp4,1284.0,107.0,3.0,316.03000000000003,857.0500000000001,665.94,1548.75,0.048634,3.0,,Keep,,,,,
358.0,CAM1.mp4,1284.0,107.0,7.0,1657.74,1069.3,2028.8,1404.9,0.025022,7.0,,Keep,,,,,
359.0,CAM1.mp4,1284.0,107.0,8.0,1655.3700000000001,593.74,1978.5,1172.41,0.037571,8.0,,Keep,,,,,
360.0,CAM1.mp4,1296.0,108.0,4.0,1772.89,511.52000000000004,2100.25,1083.02,0.037593999999999995,5.0,,Relabel,,,,,
361.0,CAM1.mp4,1296.0,108.0,7.0,1657.89,1063.49,2022.94,1403.78,0.024961,7.0,,Keep,,,,,
362.0,CAM1.mp4,1296.0,108.0,8.0,1606.14,561.01,1923.72,1056.95,0.031647999999999996,8.0,,Keep,,,,,
363.0,CAM1.mp4,1308.0,109.0,3.0,250.05,874.74,640.0500000000001,1551.47,0.053031999999999996,3.0,,Keep,,,,,
364.0,CAM1.mp4,1308.0,109.0,4.0,1793.39,544.78,2126.55,1077.74,0.035679999999999996,5.0,,Relabel,,,,,
365.0,CAM1.mp4,1308.0,109.0,7.0,1658.83,1060.02,2017.2,1403.83,0.024758,7.0,,Keep,,,,,
366.0,CAM1.mp4,1308.0,109.0,8.0,1526.14,486.38,1799.94,967.0600000000001,0.026445999999999997,8.0,,Keep,,,,,
367.0,CAM1.mp4,1320.0,110.0,3.0,239.55,872.21,635.91,1555.39,0.054410999999999994,3.0,,Keep,,,,,
368.0,CAM1.mp4,1320.0,110.0,4.0,1915.63,644.32,2216.91,1180.64,0.032468,5.0,,Relabel,,,,,
369.0,CAM1.mp4,1320.0,110.0,7.0,1656.92,1063.14,2022.32,1401.46,0.024839999999999997,7.0,,Keep,,,,,
370.0,CAM1.mp4,1320.0,110.0,8.0,1512.01,475.93,1795.3600000000001,956.53,0.027363,8.0,,Keep,,,,,
371.0,CAM1.mp4,1332.0,111.0,3.0,215.44,1078.18,626.92,1560.88,0.039910999999999995,3.0,,Keep,,,,,
372.0,CAM1.mp4,1332.0,111.0,4.0,1914.14,765.95,2207.14,1293.73,0.031073999999999997,5.0,,Relabel,,,,,
373.0,CAM1.mp4,1332.0,111.0,7.0,1648.63,1053.83,2018.77,1406.6000000000001,0.026237999999999997,7.0,,Keep,,,,,
374.0,CAM1.mp4,1332.0,111.0,8.0,1508.72,475.65000000000003,1791.06,970.83,0.028093,8.0,,Keep,,,,,
375.0,CAM1.mp4,1344.0,112.0,3.0,270.94,932.53,657.41,1546.23,0.047658,3.0,,Keep,,,,,
376.0,CAM1.mp4,1344.0,112.0,4.0,2008.69,848.35,2304.09,1301.94,0.026924,5.0,,Relabel,,,,,
377.0,CAM1.mp4,1344.0,112.0,8.0,1513.39,476.41,1793.91,970.58,0.027854999999999998,8.0,,Keep,,,,,
378.0,CAM1.mp4,1356.0,113.0,3.0,236.31,1020.62,686.57,1755.3400000000001,0.06647399999999999,3.0,,Keep,,,,,
379.0,CAM1.mp4,1356.0,113.0,4.0,1983.21,967.14,2314.9700000000003,1399.67,0.028834,5.0,,Relabel,,,,,
380.0,CAM1.mp4,1356.0,113.0,8.0,1508.46,479.17,1795.74,978.4200000000001,0.02882,8.0,,Keep,,,,,
381.0,CAM1.mp4,1368.0,114.0,2.0,2099.56,864.1800000000001,2559.02,1684.16,0.07570299999999999,10.0,,Relabel,,,,,
382.0,CAM1.mp4,1368.0,114.0,3.0,199.62,875.47,641.35,1548.96,0.059779,3.0,,Keep,,,,,
383.0,CAM1.mp4,1368.0,114.0,4.0,1977.79,741.5600000000001,2310.84,1329.91,0.039375,5.0,,Relabel,,,,,
384.0,CAM1.mp4,1368.0,114.0,8.0,1508.72,480.29,1797.56,972.47,0.028565999999999998,8.0,,Keep,,,,,
385.0,CAM1.mp4,1380.0,115.0,2.0,2110.06,863.3100000000001,2521.46,1575.46,0.058872,10.0,,Relabel,,,,,
386.0,CAM1.mp4,1380.0,115.0,3.0,204.15,878.2,651.69,1550.0,0.060413999999999995,3.0,,Keep,,,,,
387.0,CAM1.mp4,1380.0,115.0,4.0,1938.1100000000001,696.88,2286.75,1325.09,0.04401,5.0,,Relabel,,,,,
388.0,CAM1.mp4,1380.0,115.0,7.0,1663.78,1047.49,2065.86,1409.68,0.029262999999999997,7.0,,Keep,,,,,
389.0,CAM1.mp4,1380.0,115.0,8.0,1512.97,479.35,1800.5900000000001,978.71,0.02886,8.0,,Keep,,,,,
390.0,CAM1.mp4,1392.0,116.0,2.0,2012.32,712.04,2383.08,1346.66,0.047279999999999996,10.0,,Relabel,,,,,
391.0,CAM1.mp4,1392.0,116.0,3.0,254.22,939.59,696.62,1562.94,0.055413,3.0,,Keep,,,,,
392.0,CAM1.mp4,1392.0,116.0,4.0,1879.02,641.52,2198.53,1161.9,0.033408,5.0,,Relabel,,,,,
393.0,CAM1.mp4,1392.0,116.0,7.0,1649.89,1043.46,2142.84,1455.94,0.040857,7.0,,Keep,,,,,
394.0,CAM1.mp4,1392.0,116.0,8.0,1511.32,473.08,1840.75,964.95,0.03256,8.0,,Keep,,,,,
395.0,CAM1.mp4,1404.0,117.0,2.0,1999.51,645.39,2189.21,1223.17,0.022025,10.0,,Relabel,,,,,
396.0,CAM1.mp4,1404.0,117.0,3.0,270.7,774.39,574.19,1562.3400000000001,0.048050999999999996,3.0,,Keep,,,,,
397.0,CAM1.mp4,1404.0,117.0,4.0,1716.08,548.35,2119.11,1212.7,0.053801999999999996,5.0,,Relabel,,,,,
398.0,CAM1.mp4,1404.0,117.0,7.0,1654.49,1048.8600000000001,2138.87,1441.88,0.038252,7.0,,Keep,,,,,
399.0,CAM1.mp4,1404.0,117.0,8.0,1506.33,470.28000000000003,1839.5900000000001,975.36,0.033822,8.0,,Keep,,,,,
400.0,CAM1.mp4,1416.0,118.0,2.0,1937.1100000000001,603.12,2182.33,1186.39,0.028738999999999997,10.0,,Relabel,,,,,
401.0,CAM1.mp4,1416.0,118.0,3.0,522.16,556.3000000000001,822.3000000000001,1227.52,0.040480999999999996,3.0,,Keep,,,,,
402.0,CAM1.mp4,1416.0,118.0,4.0,1665.55,490.53000000000003,1984.89,1135.59,0.041392,5.0,,Relabel,,,,,
403.0,CAM1.mp4,1416.0,118.0,7.0,1651.55,1052.77,2104.31,1426.3600000000001,0.033988,7.0,,Keep,,,,,
404.0,CAM1.mp4,1416.0,118.0,8.0,1606.1000000000001,481.03000000000003,1834.96,936.37,0.020939,8.0,,Keep,,,,,
405.0,CAM1.mp4,1428.0,119.0,2.0,1883.67,625.95,2196.21,1212.91,0.036863,10.0,,Relabel,,,,,
406.0,CAM1.mp4,1428.0,119.0,3.0,709.2,435.86,963.1800000000001,1020.46,0.029834,3.0,,Keep,,,,,
407.0,CAM1.mp4,1428.0,119.0,4.0,1502.72,382.2,1800.8,942.5600000000001,0.033562,5.0,,Relabel,,,,,
408.0,CAM1.mp4,1428.0,119.0,7.0,1651.45,1050.26,2104.57,1425.74,0.034186999999999995,7.0,,Keep,,,,,
409.0,CAM1.mp4,1428.0,119.0,8.0,1751.05,472.66,1975.18,1084.3600000000001,0.027548,8.0,,Keep,,,,,
410.0,CAM1.mp4,1440.0,120.0,2.0,1816.74,596.79,2081.08,1118.43,0.027707,10.0,,Relabel,,,,,
411.0,CAM1.mp4,1440.0,120.0,3.0,739.73,345.92,1013.02,869.0600000000001,0.028728999999999998,3.0,,Keep,,,,,
412.0,CAM1.mp4,1440.0,120.0,4.0,1355.48,269.66,1584.65,839.51,0.026241,5.0,,Relabel,,,,,
413.0,CAM1.mp4,1440.0,120.0,7.0,1651.82,1053.39,2099.96,1424.49,0.033417999999999996,7.0,,Keep,,,,,
414.0,CAM1.mp4,1440.0,120.0,8.0,1735.57,474.74,2023.9,1140.51,0.038571,8.0,,Keep,,,,,
415.0,CAM1.mp4,1452.0,121.0,2.0,1702.49,569.4300000000001,2013.66,1166.75,0.037349,5.0,,Relabel,,,,,
416.0,CAM1.mp4,1452.0,121.0,4.0,1853.31,561.35,2151.58,1127.8,0.033950999999999995,8.0,,Relabel,,,,,
417.0,CAM1.mp4,1452.0,121.0,7.0,1650.18,1043.6100000000001,2097.57,1433.06,0.03501,7.0,,Keep,,,,,
418.0,CAM1.mp4,1464.0,122.0,2.0,1754.99,633.1,2092.2,1152.67,0.035205,5.0,,Relabel,,,,,
419.0,CAM1.mp4,1464.0,122.0,4.0,2114.41,838.4300000000001,2499.2000000000003,1439.89,0.046504,8.0,,Relabel,,,,,
420.0,CAM1.mp4,1464.0,122.0,7.0,1652.38,1044.27,2093.4700000000003,1433.91,0.034533999999999995,7.0,,Keep,,,,,
421.0,CAM1.mp4,1476.0,123.0,2.0,1988.69,786.79,2370.9500000000003,1277.69,0.037705999999999996,5.0,,Relabel,,,,,
422.0,CAM1.mp4,1476.0,123.0,4.0,598.59,266.86,918.28,921.27,0.042038,10.0,,Relabel,,,,,
423.0,CAM1.mp4,1476.0,123.0,7.0,1651.79,1026.07,2039.16,1420.1200000000001,0.030671999999999998,7.0,,Keep,,,,,
424.0,CAM1.mp4,1488.0,124.0,4.0,567.14,382.14,933.22,825.98,0.032649,10.0,,Relabel,,,,,
425.0,CAM1.mp4,1488.0,124.0,7.0,1650.43,1045.59,2081.9700000000003,1417.6200000000001,0.03226,7.0,,Keep,,,,,
426.0,CAM1.mp4,1500.0,125.0,4.0,550.03,421.37,1077.18,815.13,0.041708999999999996,10.0,,Relabel,,,,,
427.0,CAM1.mp4,1500.0,125.0,7.0,1648.3500000000001,1049.82,2103.81,1403.34,0.032354,7.0,,Keep,,,,,
428.0,CAM1.mp4,1512.0,126.0,4.0,550.11,417.59000000000003,1074.09,816.33,0.041982,10.0,,Relabel,,,,,
429.0,CAM1.mp4,1512.0,126.0,7.0,1646.5900000000001,1073.89,2020.17,1411.92,0.025374999999999998,7.0,,Keep,,,,,
430.0,CAM1.mp4,1524.0,127.0,4.0,551.41,414.48,1077.51,818.53,0.042713999999999995,10.0,,Relabel,,,,,
431.0,CAM1.mp4,1524.0,127.0,7.0,1648.26,1068.4,2011.04,1410.3500000000001,0.024926,7.0,,Keep,,,,,
432.0,CAM1.mp4,1536.0,128.0,4.0,554.76,409.31,1079.3600000000001,815.8000000000001,0.04285,10.0,,Relabel,,,,,
433.0,CAM1.mp4,1536.0,128.0,7.0,1648.8600000000001,1073.53,2014.3700000000001,1409.28,0.024659,7.0,,Keep,,,,,
434.0,CAM1.mp4,1548.0,129.0,4.0,553.36,416.31,1082.07,820.29,0.042918,10.0,,Relabel,,,,,
435.0,CAM1.mp4,1548.0,129.0,7.0,1648.57,1073.26,2009.44,1409.44,0.024377,7.0,,Keep,,,,,
436.0,CAM1.mp4,1560.0,130.0,4.0,553.84,409.92,1083.91,814.86,0.043129999999999995,10.0,,Relabel,,,,,
437.0,CAM1.mp4,1560.0,130.0,7.0,1647.45,1071.8600000000001,2009.94,1408.98,0.024555,7.0,,Keep,,,,,
438.0,CAM1.mp4,1572.0,131.0,4.0,554.85,411.49,1082.05,811.8100000000001,0.042408999999999995,10.0,,Relabel,,,,,
439.0,CAM1.mp4,1572.0,131.0,7.0,1648.16,1063.29,2009.98,1409.21,0.02515,7.0,,Keep,,,,,
440.0,CAM1.mp4,1584.0,132.0,4.0,553.78,411.83,1080.88,815.99,0.042807,10.0,,Relabel,,,,,
441.0,CAM1.mp4,1584.0,132.0,7.0,1650.6200000000001,1052.5,2009.94,1406.96,0.025592999999999998,7.0,,Keep,,,,,
442.0,CAM1.mp4,1596.0,133.0,4.0,553.11,413.07,1078.09,815.02,0.042401,10.0,,Relabel,,,,,
443.0,CAM1.mp4,1596.0,133.0,7.0,1649.3,1079.09,2021.15,1413.55,0.024991,7.0,,Keep,,,,,
444.0,CAM1.mp4,1596.0,133.0,8.0,1258.48,500.56,1574.19,940.3000000000001,0.027896999999999998,6.0,,Relabel,,,,,
445.0,CAM1.mp4,1608.0,134.0,4.0,553.32,413.38,1076.3700000000001,819.24,0.042656,10.0,,Relabel,,,,,
446.0,CAM1.mp4,1608.0,134.0,7.0,1649.66,1079.31,2020.63,1414.05,0.024952,7.0,,Keep,,,,,
447.0,CAM1.mp4,1620.0,135.0,4.0,555.21,413.6,1081.92,814.19,0.042397,10.0,,Relabel,,,,,
448.0,CAM1.mp4,1620.0,135.0,7.0,1649.57,1078.3700000000001,2023.3700000000001,1412.88,0.025126,7.0,,Keep,,,,,
449.0,CAM1.mp4,1632.0,136.0,4.0,553.9300000000001,376.97,1006.86,829.3000000000001,0.041166999999999995,10.0,,Relabel,,,,,
450.0,CAM1.mp4,1632.0,136.0,7.0,1649.97,1078.79,2012.91,1409.97,0.024152999999999997,7.0,,Keep,,,,,
451.0,CAM1.mp4,1632.0,136.0,8.0,1302.39,377.23,1532.1100000000001,870.5,0.022768,6.0,,Relabel,,,,,
452.0,CAM1.mp4,1644.0,137.0,4.0,619.94,230.21,775.09,829.8000000000001,0.018692999999999998,10.0,,Relabel,,,,,
453.0,CAM1.mp4,1644.0,137.0,7.0,1649.3,1076.38,2015.46,1410.01,0.024547,7.0,,Keep,,,,,
454.0,CAM1.mp4,1644.0,137.0,8.0,1289.59,354.38,1501.5,734.3100000000001,0.016177999999999998,6.0,,Relabel,,,,,
455.0,CAM1.mp4,1656.0,138.0,4.0,690.71,230.24,867.9,899.78,0.023839,10.0,,Relabel,,,,,
456.0,CAM1.mp4,1656.0,138.0,7.0,1649.69,1073.6200000000001,2013.64,1408.46,0.024488,7.0,,Keep,,,,,
457.0,CAM1.mp4,1656.0,138.0,8.0,1473.73,321.29,1649.17,833.47,0.018056,11.0,,Relabel,,,,,
458.0,CAM1.mp4,1668.0,139.0,4.0,736.0600000000001,210.31,898.33,890.2,0.022168999999999998,10.0,,Relabel,,,,,
459.0,CAM1.mp4,1668.0,139.0,7.0,1650.27,1074.53,2022.8300000000002,1411.3500000000001,0.025214999999999998,7.0,,Keep,,,,,
460.0,CAM1.mp4,1668.0,139.0,8.0,1475.21,334.44,1654.93,834.77,0.018068,11.0,,Relabel,,,,,
461.0,CAM1.mp4,1680.0,140.0,7.0,1649.6200000000001,1074.93,2010.45,1408.49,0.024186,7.0,,Keep,,,,,
462.0,CAM1.mp4,1692.0,141.0,7.0,1650.5900000000001,1068.91,2018.22,1407.88,0.02504,7.0,,Keep,,,,,
463.0,CAM1.mp4,1692.0,141.0,8.0,1446.97,417.68,1717.71,913.21,0.026957,6.0,,Relabel,,,,,
464.0,CAM1.mp4,1699.0,141.58333299999998,9.0,1506.95,334.73,1664.54,822.65,0.015449999999999998,11.0,,Relabel,,,,,
465.0,CAM1.mp4,1704.0,142.0,7.0,1649.15,1067.1200000000001,1996.0900000000001,1406.14,0.023635,7.0,,Keep,,,,,
466.0,CAM1.mp4,1704.0,142.0,8.0,1335.73,330.24,1543.91,812.88,0.020189,6.0,,Relabel,,,,,
467.0,CAM1.mp4,1704.0,142.0,9.0,1498.47,333.57,1675.9,831.66,0.017759,11.0,,Relabel,,,,,
468.0,CAM1.mp4,1716.0,143.0,7.0,1651.53,1068.57,2017.3600000000001,1409.24,0.025042,7.0,,Keep,,,,,
469.0,CAM1.mp4,1716.0,143.0,9.0,1500.4,365.49,1684.95,838.73,0.017549,11.0,,Relabel,,,,,
470.0,CAM1.mp4,1728.0,144.0,7.0,1651.52,1072.15,2013.5800000000002,1408.74,0.024488,7.0,,Keep,,,,,
471.0,CAM1.mp4,1740.0,145.0,7.0,1649.97,1070.5,2027.5,1414.54,0.026098999999999997,7.0,,Keep,,,,,
472.0,CAM1.mp4,1740.0,145.0,8.0,2083.04,648.9300000000001,2346.73,1228.91,0.030729999999999997,10.0,,Relabel,,,,,
473.0,CAM1.mp4,1740.0,145.0,9.0,1597.24,418.46000000000004,1818.77,949.01,0.023617,11.0,,Relabel,,,,,
474.0,CAM1.mp4,1752.0,146.0,7.0,1650.94,1069.0,2014.94,1408.84,0.024856999999999997,7.0,,Keep,,,,,
475.0,CAM1.mp4,1752.0,146.0,8.0,2172.16,1231.24,2491.12,1861.46,0.040390999999999996,10.0,,Relabel,,,,,
476.0,CAM1.mp4,1752.0,146.0,9.0,1656.27,480.84000000000003,1859.2,976.13,0.020197,11.0,,Relabel,,,,,
477.0,CAM1.mp4,1764.0,147.0,7.0,1652.58,1067.27,2010.19,1409.02,0.024558,7.0,,Keep,,,,,
478.0,CAM1.mp4,1764.0,147.0,9.0,1705.02,518.26,1954.8600000000001,1131.97,0.030810999999999998,11.0,,Relabel,,,,,
479.0,CAM1.mp4,1776.0,148.0,3.0,1545.43,411.77,1794.0900000000001,936.79,0.026233,3.0,,Keep,,,,,
480.0,CAM1.mp4,1776.0,148.0,7.0,1650.79,1069.41,2015.32,1409.88,0.024938,7.0,,Keep,,,,,
481.0,CAM1.mp4,1776.0,148.0,9.0,1759.93,572.97,2093.57,1133.43,0.037573999999999996,11.0,,Relabel,,,,,
482.0,CAM1.mp4,1788.0,149.0,3.0,1535.24,407.92,1795.06,938.89,0.027721,3.0,,Keep,,,,,
483.0,CAM1.mp4,1788.0,149.0,7.0,1650.69,1064.8700000000001,2021.8,1410.97,0.025807999999999998,7.0,,Keep,,,,,
484.0,CAM1.mp4,1788.0,149.0,9.0,1789.29,656.66,2155.61,1118.78,0.034016,11.0,,Relabel,,,,,
